Time,Open,High,Low,Last,Change,%Chg,Volume,"Open Int"
12/19/2023,72.48,74.02,71.84,73.44,0.97,+1.34%,489640,1574070
12/18/2023,71.68,74.26,70.64,72.47,1.04,+1.46%,696111,1575517
12/15/2023,71.61,72.22,70.3,71.43,-0.15,-0.21%,655144,1595998
12/14/2023,69.85,72.46,69.54,71.58,2.11,+3.04%,855935,1604072
12/13/2023,68.73,69.89,67.71,69.47,0.86,+1.25%,798123,1651949
12/12/2023,71.43,71.96,68.22,68.61,-2.71,-3.80%,883323,1650245
12/11/2023,71.15,71.81,70.35,71.32,0.09,+0.13%,615596,1642844
12/08/2023,69.76,71.63,69.5,71.23,1.89,+2.73%,672911,1644575
12/07/2023,69.28,70.48,68.8,69.34,-0.04,-0.06%,762671,1659213
12/06/2023,72.1,72.6,69.11,69.38,-2.94,-4.07%,1064089,1672966
12/05/2023,73.3,74.12,72.02,72.32,-0.72,-0.99%,862033,1650437
12/04/2023,74.58,75.03,72.63,73.04,-1.03,-1.39%,949261,1641322
12/01/2023,75.59,76.76,73.93,74.07,-1.89,-2.49%,814632,1640920
11/30/2023,77.75,79.6,75.05,75.96,-1.9,-2.44%,1371341,1649235
11/29/2023,76.56,78.09,75.67,77.86,1.45,+1.90%,707111,1584635
11/28/2023,75.07,77.02,74.64,76.41,1.55,+2.07%,739929,1563737
11/27/2023,75.31,76.23,74.06,74.86,-0.68,-0.90%,559611,1569542
11/24/2023,76.79,77.09,75.07,75.54,-1.56,-2.02%,518146,1565233
11/22/2023,77.77,77.97,73.79,77.1,-0.67,-0.86%,774983,1558716
11/21/2023,77.65,77.92,76.92,77.77,-0.06,-0.08%,483113,1549244
11/20/2023,75.8,78.46,75.41,77.83,1.79,+2.35%,562867,1541757
11/17/2023,73.11,76.19,72.91,76.04,2.95,+4.04%,800649,1559701
11/16/2023,76.71,76.8,72.37,73.09,-3.7,-4.82%,1050643,1602287
11/15/2023,78.1,78.69,76.45,76.79,-1.38,-1.77%,864712,1620876
11/14/2023,78.48,79.65,77.73,78.17,-0.02,-0.03%,678496,1639133
11/13/2023,77.18,78.54,76.19,78.19,1.04,+1.35%,621102,1645459
11/10/2023,75.65,77.71,75.36,77.15,1.4,+1.85%,668859,1655570
11/09/2023,75.63,77.12,75.18,75.75,0.44,+0.58%,800403,1658816
11/08/2023,77.03,77.43,74.92,75.31,-1.9,-2.46%,1052345,1674065
11/07/2023,80.69,80.79,76.99,77.21,-3.39,-4.21%,942721,1688562
11/06/2023,80.76,81.9,80.33,80.6,0.37,+0.46%,650379,1689918
11/03/2023,82.25,83.2,79.84,80.23,-1.93,-2.35%,963284,1691456
11/02/2023,80.44,82.44,80.01,82.16,2.06,+2.57%,776595,1675544
11/01/2023,80.98,82.82,79.96,80.1,-0.4,-0.50%,738399,1680549
10/31/2023,81.96,82.77,80.26,80.5,-1.18,-1.44%,732326,1671255
10/30/2023,84.25,84.39,81.16,81.68,-3.02,-3.57%,720900,1670588
10/27/2023,82.88,85,82.41,84.7,2.16,+2.62%,629905,1646258
10/26/2023,84.58,84.85,81.97,82.54,-2.15,-2.54%,697715,1632941
10/25/2023,82.99,84.85,81.44,84.69,1.72,+2.07%,881539,1622665
10/24/2023,85.05,85.22,82.16,82.97,-1.45,-1.72%,818434,1628044
10/23/2023,86.69,87,84.3,84.42,-2.4,-2.76%,590445,1631088
10/20/2023,87.6,88.37,86.3,86.82,-0.24,-0.28%,626724,1641488
10/19/2023,85.99,88.09,84.37,87.06,0.97,+1.13%,836293,1648103
10/18/2023,85.39,87.26,85.07,86.09,1.79,+2.12%,785239,1648577
10/17/2023,84.55,85.25,83.27,84.3,0.28,+0.33%,670181,1654168
10/16/2023,85.07,85.61,83.78,84.02,-1.06,-1.25%,656712,1678852
10/13/2023,81.13,85.24,81.03,85.08,4.35,+5.39%,1054137,1688923
10/12/2023,80.81,82.46,80.34,80.73,-0.19,-0.23%,1060997,1717923
10/11/2023,82.58,83.17,80.39,80.92,-1.65,-2.00%,1160588,1760570
10/10/2023,83.1,83.3,81.92,82.57,-0.43,-0.52%,951073,1753314
10/09/2023,81.69,83.98,81.35,83,3.17,+3.97%,1045860,1726790
10/06/2023,79.45,80.24,78.93,79.83,0.42,+0.53%,1106528,1747129
10/05/2023,81.21,81.66,79.12,79.41,-1.57,-1.94%,1107099,1796383
10/04/2023,85.85,86.05,80.92,80.98,-4.79,-5.58%,1025901,1784065
10/03/2023,85.39,86.46,84.71,85.77,0.15,+0.18%,920197,1787495
10/02/2023,86.8,88.05,85.31,85.62,-1.36,-1.56%,772400,1770012
09/29/2023,87.89,89.09,86.74,86.98,-0.77,-0.88%,828230,1774359
09/28/2023,89.4,90.27,87.49,87.75,-1.55,-1.74%,1036849,1776331
09/27/2023,87.33,89.66,87.22,89.3,2.08,+2.38%,1312062,1785182
09/26/2023,86.77,87.51,85.35,87.22,0.52,+0.60%,696980,1750559
09/25/2023,87.18,87.39,86.05,86.7,-0.06,-0.07%,758140,1743019
09/22/2023,87.01,88.12,86.4,86.76,-0.3,-0.34%,1041400,1747611
09/21/2023,86.78,88.12,85.94,87.06,0,0.00%,766917,1702357
09/20/2023,88.01,88.23,86.56,87.06,-0.83,-0.94%,973274,1677883
09/19/2023,88.15,89.24,87.81,87.89,-0.12,-0.14%,1391367,1692990
09/18/2023,88.21,88.73,87.48,88.01,0.09,+0.10%,1124422,1702592
09/15/2023,88.22,88.7,86.97,87.92,0.02,+0.02%,1147274,1708836
09/14/2023,86.5,88.38,86.43,87.9,1.63,+1.89%,997610,1743824
09/13/2023,86.41,87.14,86.02,86.27,-0.23,-0.27%,965690,1751172
09/12/2023,85.16,86.83,85.12,86.5,1.35,+1.59%,1043233,1791696
09/11/2023,84.91,85.91,84.6,85.15,0,0.00%,827970,1750837
09/08/2023,84.23,85.4,83.89,85.15,0.66,+0.78%,779973,1770817
09/07/2023,85.08,85.25,84.05,84.49,-0.57,-0.67%,668781,1754329
09/06/2023,84.39,85.49,83.77,85.06,0.68,+0.81%,856899,1742046
09/05/2023,83.48,85.44,82.75,84.38,1.27,+1.53%,1165132,1703130
09/01/2023,81.54,83.47,81.45,83.11,1.53,+1.88%,1117620,1688850
08/31/2023,80.04,81.63,79.9,81.58,1.56,+1.95%,987596,1674270
08/30/2023,79.75,80.48,79.44,80.02,0.35,+0.44%,620312,1644401
08/29/2023,78.7,79.85,78.08,79.67,0.91,+1.16%,599161,1658521
08/28/2023,79,79.54,78.43,78.76,0.07,+0.09%,470724,1650173
08/25/2023,77.75,79.07,77.1,78.69,0.82,+1.05%,902008,1649014
08/24/2023,77.71,78.27,76.75,77.87,-0.09,-0.12%,831866,1625106
08/23/2023,78.71,78.9,76.75,77.96,-0.74,-0.94%,766247,1616749
08/22/2023,79.03,79.37,78.53,78.7,-0.31,-0.39%,653453,1620368
08/21/2023,79.14,80.3,78.91,79.01,-0.32,-0.40%,778292,1621099
08/18/2023,78.5,79.54,77.85,79.33,0.61,+0.77%,903958,1652502
08/17/2023,77.84,79.31,77.7,78.72,0.63,+0.81%,894071,1677973
08/16/2023,79.39,79.74,77.75,78.09,-1.08,-1.36%,1005223,1691603
08/15/2023,80.27,80.7,78.66,79.17,-1.19,-1.48%,816787,1702766
08/14/2023,80.78,80.84,79.78,80.36,-0.64,-0.79%,669078,1705895
08/11/2023,80.9,81.53,80.48,81,0.15,+0.19%,847977,1704647
08/10/2023,81.75,82.2,80.6,80.85,-1.06,-1.29%,892447,1705255
08/09/2023,80.71,82.06,80.63,81.91,1.07,+1.32%,1289103,1698665
08/08/2023,80.54,80.92,78.28,80.84,0.79,+0.99%,1008699,1703711
08/07/2023,81,81.1,79.69,80.05,-0.63,-0.78%,687521,1726215
08/04/2023,79.7,80.97,79.59,80.68,1.05,+1.32%,677780,1737184
08/03/2023,78.2,79.95,77.17,79.63,1.74,+2.23%,909031,1743845
08/02/2023,80.2,80.4,77.44,77.89,-1.6,-2.01%,875724,1736099
08/01/2023,79.8,80.19,78.87,79.49,-0.36,-0.45%,731534,1752072
07/31/2023,78.78,80.01,78.43,79.85,1,+1.27%,625559,1750069
07/28/2023,77.82,78.96,77.49,78.85,0.62,+0.79%,672998,1737738
07/27/2023,77.28,78.57,77.27,78.23,1.08,+1.40%,827997,1738972
07/26/2023,77.4,77.84,76.82,77.15,-0.62,-0.80%,698011,1741916
07/25/2023,77.19,78,76.67,77.77,0.64,+0.83%,768574,1743598
07/24/2023,75.3,77.49,75.1,77.13,1.46,+1.93%,786725,1715370
07/21/2023,74.8,75.85,74.65,75.67,1.15,+1.54%,687679,1698815
07/20/2023,74.2,75.08,73.64,74.52,0.25,+0.34%,714294,1684923
07/19/2023,74.49,75.47,73.99,74.27,-0.22,-0.30%,847105,1707760
07/18/2023,73.01,74.61,72.92,74.49,1.38,+1.89%,899364,1768189
07/17/2023,73.6,74.75,72.84,73.11,-0.95,-1.28%,771026,1784380
07/14/2023,75.52,75.57,73.8,74.06,-1.28,-1.70%,765614,1815352
07/13/2023,74.21,75.63,74.06,75.34,1.18,+1.59%,1101188,1807153
07/12/2023,73.41,74.4,73.24,74.16,0.75,+1.02%,984652,1805575
07/11/2023,71.86,73.46,71.79,73.41,1.65,+2.30%,833511,1796348
07/10/2023,72.06,72.6,71.43,71.76,-0.5,-0.69%,754854,1783320
07/07/2023,70.68,72.3,70.23,72.26,1.57,+2.22%,963289,1797824
07/06/2023,71.07,71.28,69.39,70.69,-0.29,-0.41%,991213,1808544
07/05/2023,69.41,71.28,69.41,70.98,1.8,+2.60%,1032795,1820921
07/03/2023,69.94,71.11,69.09,69.18,-1.02,-1.45%,631966,1816043
06/30/2023,69.43,70.47,69.33,70.2,0.52,+0.75%,792931,1822603
06/29/2023,69.19,70.29,68.84,69.68,0.18,+0.26%,642881,1838738
06/28/2023,68,69.63,67.45,69.5,1.61,+2.37%,944699,1853677
06/27/2023,69.27,69.8,67.76,67.89,-1.29,-1.86%,1053846,1865745
06/26/2023,69.44,69.77,68.59,69.18,0.27,+0.39%,595162,1866900
06/23/2023,69.2,69.2,67.26,68.91,-0.17,-0.25%,743164,1860847
06/22/2023,71.36,71.49,68.67,69.08,-2.39,-3.34%,1139908,1864702
06/21/2023,69.87,71.52,69.87,71.47,1.28,+1.82%,584082,1847551
06/20/2023,70.63,71.11,68.94,70.19,-0.74,-1.04%,782274,1841691
06/16/2023,69.79,70.99,69.45,70.93,0.94,+1.34%,742787,1830050
06/15/2023,68.12,70.22,67.44,69.99,2.28,+3.37%,746526,1853308
06/14/2023,68.52,69.62,67.58,67.71,-0.99,-1.44%,900231,1862477
06/13/2023,66.77,68.98,66.73,68.7,2.23,+3.35%,1064507,1886782
06/12/2023,68.51,68.54,66.22,66.47,-2.58,-3.74%,1128900,1907708
06/09/2023,69.42,70.43,68.98,69.05,-0.83,-1.19%,842990,1897548
06/08/2023,70.85,71.57,67.98,69.88,-1.05,-1.48%,1321961,1920038
06/07/2023,70.03,71.42,69.53,70.93,0.8,+1.14%,712593,1936376
06/06/2023,70.18,70.57,68.74,70.13,-0.36,-0.51%,771106,1951628
06/05/2023,72.72,72.72,70.16,70.49,0.24,+0.34%,902420,1937979
06/02/2023,68.81,70.62,68.81,70.25,1.45,+2.11%,734666,1928062
06/01/2023,66.85,69.55,66.68,68.8,1.76,+2.63%,825069,1923461
05/31/2023,68.25,68.34,66.27,67.04,-1.27,-1.86%,994227,1922759
05/30/2023,71.7,71.7,67.94,68.31,-2.73,-3.84%,889010,1920740
05/26/2023,70.15,71.26,70.07,71.04,0.8,+1.14%,507886,1900254
05/25/2023,72.09,72.2,69.39,70.24,-2.02,-2.80%,956934,1903067
05/24/2023,71.57,72.4,71.2,72.26,1.33,+1.88%,872916,1865081
05/23/2023,70.48,71.6,69.87,70.93,0.86,+1.23%,710207,1845155
05/22/2023,69.87,70.46,68.9,70.07,0.27,+0.39%,489140,1831177
05/19/2023,70.48,71.62,69.46,69.8,-0.46,-0.65%,658887,1827592
05/18/2023,70.9,71.09,69.88,70.26,-0.7,-0.99%,575850,1842615
05/17/2023,68.76,71.2,68.29,70.96,2.09,+3.03%,820634,1834374
05/16/2023,69.64,69.64,68.5,68.87,-0.25,-0.36%,570201,1856570
05/15/2023,68.03,69.49,67.56,69.12,1.07,+1.57%,657563,1864275
05/12/2023,69.35,69.62,67.97,68.05,-0.86,-1.25%,653468,1868404
05/11/2023,70.7,70.99,68.75,68.91,-1.56,-2.21%,877057,1878335
05/10/2023,71.23,71.41,69.98,70.47,-0.88,-1.23%,886150,1881512
05/09/2023,70.48,71.36,69.3,71.35,0.66,+0.93%,757951,1885886
05/08/2023,69.35,70.87,69.35,70.69,1.63,+2.36%,693376,1880511
05/05/2023,67.23,69.23,67.23,69.06,2.45,+3.68%,782987,1885972
05/04/2023,66.48,67.61,65,66.61,-0.28,-0.42%,1084609,1881729
05/03/2023,69.18,69.3,66.45,66.89,-2.34,-3.38%,1228193,1881061
05/02/2023,72.63,72.83,69.1,69.23,-3.39,-4.67%,989875,1908299
05/01/2023,73.32,73.36,71.71,72.62,-1.03,-1.40%,443900,1886091
04/28/2023,71.9,73.69,71.39,73.65,1.82,+2.53%,704355,1881769
04/27/2023,71.68,72.01,71.39,71.83,0.21,+0.29%,784946,1880445
04/26/2023,74.01,74.36,71.45,71.62,-2.11,-2.86%,1084446,1862150
04/25/2023,75.6,75.6,73.55,73.73,-1.93,-2.55%,784520,1826195
04/24/2023,74.4,75.99,73.78,75.66,0.91,+1.22%,621205,1843366
04/21/2023,73.36,74.79,73.36,74.75,0.87,+1.18%,638195,1862472
04/20/2023,74.8,74.8,73.63,73.88,-1.61,-2.13%,717943,1883270
04/19/2023,77.25,77.25,75.11,75.49,-1.51,-1.96%,689477,1894743
04/18/2023,77.25,77.56,76.49,77,0.09,+0.12%,703111,1913192
04/17/2023,78,78,76.6,76.91,-1.1,-1.41%,722653,1919527
04/14/2023,78.06,78.35,77.4,78.01,0.33,+0.42%,825777,1896776
04/13/2023,78.18,78.41,77.65,77.68,-0.58,-0.74%,683300,1883200
04/12/2023,76.93,78.37,76.93,78.26,1.21,+1.57%,977549,1896968
04/11/2023,76.3,77.07,75.71,77.05,1.41,+1.86%,791566,1875140
04/10/2023,76.28,76.65,75.59,75.64,-0.57,-0.75%,607175,1875858
04/06/2023,75.99,76.67,75.75,76.21,-0.14,-0.18%,674816,1889117
04/05/2023,76.7,76.77,75.59,76.35,-0.03,-0.04%,674772,1880340
04/04/2023,76.44,77.32,75.58,76.38,0.11,+0.14%,897753,1858446
04/03/2023,77.3,77.58,75.03,76.27,3.17,+4.34%,1567311,1841698
03/31/2023,71.89,73.12,71.6,73.1,1.1,+1.53%,755277,1838157
03/30/2023,70.8,72.17,70.8,72,1.07,+1.51%,603589,1818389
03/29/2023,71.54,72.15,70.79,70.93,-0.36,-0.50%,727604,1805944
03/28/2023,70.79,71.8,70.69,71.29,0.33,+0.47%,735489,1785807
03/27/2023,68.06,71.06,67.63,70.96,3.12,+4.60%,804458,1798836
03/24/2023,68.03,68.7,66.06,67.84,-0.58,-0.85%,818044,1823159
03/23/2023,68.42,69.73,67.75,68.42,-0.59,-0.85%,777064,1820292
03/22/2023,67.78,69.23,67.5,69.01,0.97,+1.43%,779335,1813692
03/21/2023,66.46,68.08,66.17,68.04,1.23,+1.84%,882211,1790595
03/20/2023,66.08,66.88,64.37,66.81,0.72,+1.09%,972108,1788446
03/17/2023,67.48,68.44,64.96,66.09,-1.12,-1.67%,1337361,1795230
03/16/2023,67.05,67.84,65.16,67.21,0.84,+1.27%,1027920,1790657
03/15/2023,69.91,70.54,64.76,66.37,-3.29,-4.72%,1752725,1782299
03/14/2023,72.35,72.55,69.23,69.66,-2.84,-3.92%,1066434,1767660
03/13/2023,74.31,74.45,70.6,72.5,-1.59,-2.15%,993307,1772536
03/10/2023,73.02,74.25,72.52,74.09,0.82,+1.12%,767364,1769780
03/09/2023,74.11,75.22,72.99,73.27,-0.91,-1.23%,786358,1769150
03/08/2023,74.63,75.11,73.68,74.18,-0.8,-1.07%,709773,1759977
03/07/2023,77.57,77.57,74.53,74.98,-2.41,-3.11%,853837,1755027
03/06/2023,76.14,77.45,75.87,77.39,0.59,+0.77%,594327,1754733
03/03/2023,75.23,76.84,74.2,76.8,1.38,+1.83%,762602,1757818
03/02/2023,74.82,75.46,74.62,75.42,0.65,+0.87%,520880,1754383
03/01/2023,73.73,74.9,73.54,74.77,0.66,+0.89%,690681,1755350
02/28/2023,74.15,74.86,73.75,74.11,0.89,+1.22%,634521,1750212
02/27/2023,74.04,74.04,72.8,73.22,-0.85,-1.15%,524794,1750215
02/24/2023,74.08,74.12,72.44,74.07,0.52,+0.71%,671537,1757139
02/23/2023,72.46,73.76,72.46,73.55,1.15,+1.59%,786141,1771746
02/22/2023,73.89,74.11,72.32,72.4,-1.7,-2.29%,735885,1782094
02/21/2023,75.2,75.22,73.75,74.1,-0.04,-0.05%,687683,1753386
02/17/2023,75.33,75.39,73.55,74.14,-1.86,-2.45%,737566,1768112
02/16/2023,76.53,76.53,75.7,76,-0.15,-0.20%,547897,1787275
02/15/2023,76.28,76.54,75.03,76.15,-0.31,-0.41%,666938,1806591
02/14/2023,76.72,76.79,75.59,76.46,-0.58,-0.75%,840147,1821601
02/13/2023,76.29,77.16,76.04,77.04,0.5,+0.65%,814248,1818358
02/10/2023,74.97,76.77,74.97,76.54,1.32,+1.75%,880182,1803375
02/09/2023,75.09,75.22,74.34,75.22,-0.49,-0.65%,777697,1788438
02/08/2023,74.76,75.76,74.55,75.71,1.06,+1.42%,840327,1792412
02/07/2023,73.15,74.87,73,74.65,2.1,+2.89%,1041408,1791955
02/06/2023,71.78,72.78,71.07,72.55,0.85,+1.19%,857900,1802117
02/03/2023,73.98,75.01,71.55,71.7,-2.19,-2.96%,973054,1775843
02/02/2023,74.6,74.66,73.3,73.89,-0.2,-0.27%,745967,1750696
02/01/2023,76.16,76.66,73.56,74.09,-2.07,-2.72%,789306,1726724
01/31/2023,74.73,76.29,74.57,76.16,1.11,+1.48%,678120,1726378
01/30/2023,76.73,77.06,74.92,75.05,-1.44,-1.88%,666875,1711398
01/27/2023,77.93,78.63,76.18,76.49,-1.29,-1.66%,814432,1697557
01/26/2023,77.48,78.58,77.16,77.78,0.43,+0.56%,668068,1681911
01/25/2023,77.83,78.05,77.12,77.35,-0.24,-0.31%,645939,1666551
01/24/2023,78.78,78.92,77.46,77.59,-1.37,-1.74%,697723,1660450
01/23/2023,78.06,79.28,78.06,78.96,0.55,+0.70%,830920,1643165
01/20/2023,78.24,78.54,77.38,78.41,0.78,+1.00%,741196,1616175
01/19/2023,76.18,77.86,75.96,77.63,0.85,+1.11%,772121,1615815
01/18/2023,77.68,78.61,76.43,76.78,-0.24,-0.31%,987271,1621408
01/17/2023,77.04,78.19,76.61,77.02,-0.29,-0.38%,1168571,1613466
01/13/2023,76,77.37,75.89,77.31,1,+1.31%,895954,1595867
01/12/2023,75.79,76.62,75.34,76.31,0.62,+0.82%,928128,1574676
01/11/2023,73.54,75.8,73.54,75.69,1.78,+2.41%,1005420,1577926
01/10/2023,73.4,74.56,73.4,73.91,0.09,+0.12%,863813,1557092
01/09/2023,73.55,75.02,73.55,73.82,1.02,+1.40%,817571,1534440
01/06/2023,72.88,73.93,72.26,72.8,0.19,+0.26%,608676,1515033
01/05/2023,72.78,73.39,71.81,72.61,0.64,+0.89%,706565,1504805
01/04/2023,74.42,74.42,71.9,71.97,-2.56,-3.43%,899027,1501468
01/03/2023,77.07,77.17,74.4,74.53,-2.26,-2.94%,812025,1459936
12/30/2022,74.98,76.79,74.78,76.79,1.66,+2.21%,460409,1440291
12/29/2022,74.91,75.35,74.4,75.13,-0.78,-1.03%,396959,1430173
12/28/2022,76.1,76.42,74.86,75.91,-0.25,-0.33%,421323,1415605
12/27/2022,76.74,77.09,75.83,76.16,0.23,+0.30%,459899,1413545
12/23/2022,75.53,75.93,75.43,75.93,2.31,+3.14%,501325,1404638
12/22/2022,74.66,74.99,73.3,73.62,-0.78,-1.05%,463326,1394843
12/21/2022,73.5,74.98,73.5,74.4,1.1,+1.50%,559030,1399039
12/20/2022,72.99,73.77,72.43,73.3,0.67,+0.92%,551304,1394021
12/19/2022,72.46,72.9,72.05,72.63,0.55,+0.76%,575639,1397289
12/16/2022,72.2,72.76,71.43,72.08,-1.05,-1.44%,689612,1409494
12/15/2022,74.1,74.3,72.59,73.13,-1.52,-2.04%,713388,1413200
12/14/2022,74.5,75.12,73.93,74.65,0.98,+1.33%,789613,1429706
12/13/2022,73.18,74.2,73.18,73.67,1.14,+1.57%,888046,1450482
12/12/2022,73.07,73.12,70.89,72.53,1.42,+2.00%,835779,1462221
12/09/2022,71.66,71.68,70.94,71.11,0.01,+0.01%,954585,1458924
12/08/2022,71.85,72.31,70.68,71.1,-0.6,-0.84%,1352272,1448121
12/07/2022,72,73.56,71.61,71.7,-1.67,-2.28%,979100,1447227
12/06/2022,75.33,75.88,73.31,73.37,-2.26,-2.99%,935416,1436728
12/05/2022,78.1,78.88,75.63,75.63,-1.83,-2.36%,854011,1437479
12/02/2022,77.6,77.63,77.22,77.46,0.04,+0.05%,662915,1410821
12/01/2022,78.23,78.44,77.36,77.42,-0.04,-0.05%,742271,1414811
11/30/2022,76.74,77.46,76.74,77.46,2.24,+2.98%,644016,1420782
11/29/2022,74.9,75.58,74.11,75.22,0.83,+1.12%,811327,1412121
11/28/2022,72.76,74.96,72.32,74.39,0.58,+0.79%,932664,1407065
11/25/2022,75.5,75.5,73.81,73.81,-0.97,-1.30%,500845,1413346
11/23/2022,74.78,74.78,74.25,74.78,-0.95,-1.25%,813230,1413041
11/22/2022,75.73,75.94,75.73,75.73,0.29,+0.38%,570659,1403260
11/21/2022,75.5,75.5,72.53,75.44,0.89,+1.19%,1066369,1415064
11/18/2022,74,75.52,73.78,74.55,-0.58,-0.77%,1167883,1439585
11/17/2022,76.31,76.31,74.95,75.13,-1.69,-2.20%,1034811,1451894
11/16/2022,76.82,76.82,76.77,76.82,-1.41,-1.80%,694275,1437134
11/15/2022,77,78.98,77,78.23,1.39,+1.81%,940328,1469437
11/14/2022,76.84,78.36,76.84,76.84,-1.32,-1.69%,826468,1485833
11/11/2022,78.16,78.25,78.16,78.16,1.75,+2.29%,696142,1468011
11/10/2022,76,76.58,75.96,76.41,0.27,+0.35%,748085,1453200
11/09/2022,76.14,76.14,76.14,76.14,-2.19,-2.80%,939237,1451641
11/08/2022,78.6,78.6,78.33,78.33,-1.66,-2.08%,795325,1446658
11/07/2022,79.99,80.28,79.17,79.99,-0.14,-0.17%,717952,1454170
11/04/2022,80.13,80.33,80.13,80.13,2.51,+3.23%,823655,1469138
11/03/2022,77.62,77.62,77.55,77.62,-1.03,-1.31%,513158,1453870
11/02/2022,78.65,78.65,78.65,78.65,1.7,+2.21%,593384,1459758
11/01/2022,76.95,77.38,76.95,76.95,1.02,+1.34%,558152,1459052
10/31/2022,75.93,75.93,75.42,75.93,-0.39,-0.51%,523819,1454097
10/28/2022,76.32,76.32,76.23,76.32,-1.05,-1.36%,504681,1453285
10/27/2022,77.37,77.37,76.71,77.37,0.63,+0.82%,619937,1451367
10/26/2022,76.74,76.74,75.14,76.74,1.24,+1.64%,556852,1442243
10/25/2022,75.5,75.5,74.2,75.5,0.9,+1.21%,483573,1436942
10/24/2022,72.95,75.24,72.95,74.6,0.07,+0.09%,454678,1434285
10/21/2022,74.53,74.53,74.11,74.53,0.19,+0.26%,559397,1430747
10/20/2022,75.02,75.84,74.34,74.34,-0.6,-0.80%,721233,1434555
10/19/2022,74.94,74.94,74.94,74.94,1.11,+1.50%,881093,1435957
10/18/2022,73,74.34,72.7,73.83,-0.22,-0.30%,850841,1454431
10/17/2022,74.03,74.8,74.03,74.05,0.32,+0.43%,534659,1454545
10/14/2022,73.73,73.73,73.73,73.73,-1.97,-2.60%,658783,1465253
10/13/2022,75.88,75.88,73.74,75.7,1.39,+1.87%,742902,1470403
10/12/2022,73.67,74.31,73.67,74.31,-1.27,-1.68%,900837,1480446
10/11/2022,76.05,76.05,75.15,75.58,-1.65,-2.14%,789939,1499498
10/10/2022,77.23,78.9,77.23,77.23,-1.13,-1.44%,648450,1496660
10/07/2022,78.88,78.88,78.36,78.36,1.85,+2.42%,1033901,1511340
10/06/2022,76.51,76.51,75.37,76.51,1.04,+1.38%,548360,1514066
10/05/2022,74,75.47,73.61,75.47,1.79,+2.43%,813525,1506201
10/04/2022,73.68,73.68,73.68,73.68,2.19,+3.06%,768329,1495538
10/03/2022,71.49,71.59,71.49,71.49,2.3,+3.32%,723564,1494932
09/30/2022,70,70.66,69.19,69.19,-1.4,-1.98%,575808,1496804
09/29/2022,70.59,70.59,70.52,70.59,-0.92,-1.29%,652880,1489732
09/28/2022,71.51,71.51,68.44,71.51,2.27,+3.28%,837171,1495984
09/27/2022,69.24,69.49,69.24,69.24,0.69,+1.01%,687088,1504991
09/26/2022,69.5,70.82,68.55,68.55,-1.74,-2.48%,574808,1515829
09/23/2022,70.38,70.38,70,70.29,-3.28,-4.46%,760895,1519566
09/22/2022,73.57,74.79,73.57,73.57,0.61,+0.84%,676203,1493722
09/21/2022,72.96,74.94,72.96,72.96,-0.62,-0.84%,724154,1487434
09/20/2022,73.58,73.58,73.58,73.58,-1.45,-1.93%,614452,1478966
09/19/2022,73,75.03,73,75.03,0.21,+0.28%,583196,1478949
09/16/2022,74.82,75.23,74.82,74.82,-0.21,-0.28%,602067,1487881
09/15/2022,75.5,75.75,75.03,75.03,-3.07,-3.93%,725747,1488169
09/14/2022,78.8,78.8,77.65,78.1,0.16,+0.21%,932408,1496829
09/13/2022,78.5,78.5,76.41,77.94,-0.43,-0.55%,907195,1498059
09/12/2022,77.6,78.37,76.67,78.37,1.16,+1.50%,691207,1494035
09/09/2022,74.49,77.21,74.05,77.21,2.77,+3.72%,744259,1492240
09/08/2022,74.25,74.44,73.89,74.44,0.41,+0.55%,802591,1505148
09/07/2022,75.1,75.1,74.03,74.03,-3.38,-4.37%,911243,1511051
09/06/2022,77.41,77.72,77.41,77.41,0.31,+0.40%,892746,1480320
09/02/2022,77.1,77.66,77.1,77.1,0.01,+0.01%,672738,1468947
09/01/2022,77.81,77.81,76.7,77.09,-1.99,-2.52%,699511,1465529
08/31/2022,79.81,80.21,79.02,79.08,-0.76,-0.95%,742965,1467964
08/30/2022,79.84,79.84,79.84,79.84,-2.62,-3.18%,865906,1470207
08/29/2022,82.46,82.46,80.78,82.46,1.58,+1.95%,599407,1478363
08/26/2022,80.88,81.65,80.54,80.88,-0.22,-0.27%,660774,1469803
08/25/2022,81.1,82.65,81.1,81.1,-1.53,-1.85%,660380,1479043
08/24/2022,82.63,82.63,82.23,82.63,0.11,+0.13%,739927,1493474
08/23/2022,82.85,82.86,82.52,82.52,1.48,+1.83%,670057,1501036
08/22/2022,79.05,81.04,78.75,81.04,0,0.00%,743157,1489054
08/19/2022,81.04,81.04,79.69,81.04,0.37,+0.46%,630755,1509401
08/18/2022,80.67,80.92,80.67,80.67,0.63,+0.79%,661060,1527828
08/17/2022,80.04,80.38,80.04,80.04,0.75,+0.95%,666630,1530516
08/16/2022,80.41,80.86,78.34,79.29,-1.37,-1.70%,881087,1557349
08/15/2022,80.66,80.66,79.14,80.66,-1.2,-1.47%,697812,1565272
08/12/2022,81.86,81.86,81.61,81.86,-0.8,-0.97%,681527,1573961
08/11/2022,82.66,82.66,82.66,82.66,1.01,+1.24%,926881,1572133
08/10/2022,81.65,81.65,79.32,81.65,1.49,+1.86%,915363,1566745
08/09/2022,80.16,81.36,79.83,80.16,-0.14,-0.17%,845036,1570131
08/08/2022,80.3,80.3,78.09,80.3,2.03,+2.59%,752469,1565769
08/05/2022,78.5,78.55,77.51,78.27,0.14,+0.18%,813977,1580980
08/04/2022,80.79,80.82,77.74,78.13,-2.4,-2.98%,741007,1611717
08/03/2022,80.53,83.02,80.53,80.53,-1.54,-1.88%,947618,1612365
08/02/2022,82.07,82.32,80.39,82.07,1.28,+1.58%,800031,1606910
08/01/2022,80.79,80.79,79.48,80.79,-2.19,-2.64%,908745,1616894
07/29/2022,82.98,83.62,82.98,82.98,1.47,+1.80%,819434,1609615
07/28/2022,81.51,83.27,81.51,81.51,-0.78,-0.95%,671230,1603321
07/27/2022,81.92,82.3,81.92,82.29,2.06,+2.57%,706712,1592734
07/26/2022,80.45,81.42,80.22,80.23,-0.26,-0.32%,645633,1597451
07/25/2022,80.49,80.49,78.59,80.49,1.68,+2.13%,632116,1599207
07/22/2022,78.81,79.79,78.81,78.81,-0.83,-1.04%,711551,1598004
07/21/2022,79.5,79.8,78.69,79.64,-1.45,-1.79%,730686,1589365
07/20/2022,81.09,81.09,80.23,81.09,0.05,+0.06%,729975,1578047
07/19/2022,80,81.04,79.41,81.04,0.42,+0.52%,776197,1577616
07/18/2022,80.62,80.62,77.33,80.62,3.14,+4.05%,739986,1595494
07/15/2022,77.48,77.93,76.15,77.48,0.97,+1.27%,728469,1602623
07/14/2022,75.45,76.57,75.28,76.51,-1.64,-2.10%,1017917,1626811
07/13/2022,77.1,78.15,76.79,78.15,0.81,+1.05%,843880,1617609
07/12/2022,79.51,79.51,76.57,77.34,-4.41,-5.39%,961051,1612803
07/11/2022,81.75,81.75,79.13,81.75,1.21,+1.50%,720793,1614300
07/08/2022,80.03,80.54,80.03,80.54,1.65,+2.09%,685252,1615952
07/07/2022,76,78.91,75.87,78.89,2.34,+3.06%,849981,1614141
07/06/2022,76,77.82,74.5,76.55,-0.33,-0.43%,1062505,1637015
07/05/2022,77.57,84.03,76.4,76.88,-6.32,-7.60%,1392662,1637862
07/01/2022,83.5,83.72,82.34,83.2,0.6,+0.73%,655876,1626674
06/30/2022,82.6,85.98,82.6,82.6,-3.11,-3.63%,843945,1630216
06/29/2022,85.71,87.72,85.71,85.71,-1.45,-1.66%,677647,1647654
06/28/2022,87.16,87.16,87.16,87.16,2.29,+2.70%,647825,1651566
06/27/2022,84.68,84.87,82.87,84.87,1.27,+1.52%,571605,1647517
06/24/2022,83.6,84.03,81.32,83.6,1.75,+2.14%,743564,1645460
06/23/2022,83.4,84.34,81.85,81.85,-3.23,-3.80%,761824,1655113
06/22/2022,84.05,85.08,83.42,85.08,-1.86,-2.14%,924875,1649893
06/21/2022,86.94,88.07,86.94,86.94,0.44,+0.51%,784587,1656058
06/17/2022,89.88,90.11,86.5,86.5,-4.02,-4.44%,1005808,1662289
06/16/2022,89.85,90.52,89.06,90.52,1.02,+1.14%,879150,1675109
06/15/2022,89.5,89.5,89.5,89.5,-0.98,-1.08%,870055,1689627
06/14/2022,90.48,92.31,89.96,90.48,-1.39,-1.51%,962026,1715674
06/13/2022,91.87,91.87,90.03,91.87,0.5,+0.55%,855546,1738130
06/10/2022,91.37,91.37,90.23,91.37,-0.84,-0.91%,837492,1744296
06/09/2022,92.21,92.21,92.21,92.21,0.53,+0.58%,689661,1760703
06/08/2022,91.68,91.74,91.68,91.68,1.65,+1.83%,768436,1784061
06/07/2022,89.25,90.6,89.07,90.03,2.01,+2.28%,802973,1790618
06/06/2022,88.02,88.62,88.02,88.02,-0.25,-0.28%,519159,1824500
06/03/2022,88.27,88.57,87.16,88.27,0.62,+0.71%,517839,1820899
06/02/2022,87.65,87.68,85.87,87.65,1.13,+1.31%,799581,1810295
06/01/2022,86.52,86.88,86.52,86.52,0.81,+0.95%,671174,1802324
05/31/2022,85.71,87.5,85.71,85.71,-0.74,-0.86%,918603,1787928
05/27/2022,86.45,86.45,85.43,86.45,0.41,+0.48%,437308,1768423
05/26/2022,86.04,86.04,86.04,86.04,1.13,+1.33%,559681,1755569
05/25/2022,84.91,84.91,84.91,84.91,0.5,+0.59%,399031,1722645
05/24/2022,84.41,84.58,83.66,84.41,0.35,+0.42%,479220,1711863
05/23/2022,84.06,84.06,84.06,84.06,1.02,+1.23%,458164,1713012
05/20/2022,83.04,83.04,82.9,83.04,-0.38,-0.46%,430973,1707194
05/19/2022,83.42,83.42,81.76,83.42,1.31,+1.60%,779111,1712368
05/18/2022,84.27,84.38,82.11,82.11,-1.82,-2.17%,790137,1721970
05/17/2022,83.93,84.65,83.93,83.93,-0.61,-0.72%,739740,1730665
05/16/2022,84.5,84.61,83.41,84.54,0.38,+0.45%,725075,1765892
05/13/2022,84.16,84.16,84.16,84.16,1.19,+1.43%,610648,1752279
05/12/2022,82.97,82.97,82.29,82.97,-0.46,-0.55%,794110,1737758
05/11/2022,82.5,83.43,82.5,83.43,3.78,+4.75%,889954,1736669
05/10/2022,79.65,81.33,79.65,79.65,-0.99,-1.23%,890471,1736594
05/09/2022,82.5,82.5,80.41,80.64,-3.29,-3.92%,839167,1734325
05/06/2022,83.93,83.93,83.19,83.93,0.49,+0.59%,678952,1742290
05/05/2022,83.44,84.15,83.01,83.44,0.26,+0.31%,665513,1798557
05/04/2022,83.18,83.18,83.18,83.18,2.64,+3.28%,594515,1747914
05/03/2022,80.54,80.54,80.54,80.54,-0.37,-0.46%,568409,1751564
05/02/2022,80.91,80.99,79.78,80.91,0.55,+0.68%,605484,1758210
04/29/2022,80.4,81.68,80.36,80.36,-0.71,-0.88%,658361,1752306
04/28/2022,81.07,81.07,80.21,81.07,0.17,+0.21%,701841,1751739
04/27/2022,80.9,81.03,80.69,80.9,-0.05,-0.06%,544574,1742759
04/26/2022,80.95,81.35,80.95,80.95,0.7,+0.87%,685031,1733586
04/25/2022,79.5,80.25,79.2,80.25,-1.57,-1.92%,647830,1728613
04/22/2022,81.82,81.82,81.64,81.82,-2.07,-2.47%,440249,1729425
04/21/2022,83.89,84.05,83.89,83.89,1.37,+1.66%,551943,1727970
04/20/2022,82.52,83.3,82.52,82.52,0.44,+0.54%,586212,1733387
04/19/2022,82.08,82.08,82.08,82.08,-3.53,-4.12%,729401,1740300
04/18/2022,85.61,85.61,85.27,85.61,-0.43,-0.50%,461191,1756157
04/14/2022,86.04,86.04,85.14,86.04,0.1,+0.12%,664935,1762779
04/13/2022,85.94,85.94,85.94,85.94,1.43,+1.69%,863496,1775320
04/12/2022,84.25,84.6,84.25,84.51,1.86,+2.25%,878974,1783725
04/11/2022,83.25,83.25,82.31,82.65,-1.49,-1.77%,824381,1788190
04/08/2022,84.14,84.14,83.07,84.14,0.83,+1.00%,711841,1802330
04/07/2022,83.31,83.31,82.33,83.31,0.91,+1.10%,941077,1824078
04/06/2022,82.4,84.61,82.4,82.4,-1.86,-2.21%,945219,1839132
04/05/2022,85,85,83.92,84.26,-0.81,-0.95%,646086,1823366
04/04/2022,85.07,85.07,85.07,85.07,1.79,+2.15%,719550,1803467
04/01/2022,83.2,83.28,83.2,83.28,2.76,+3.43%,852537,1791481
03/31/2022,80.52,81.97,79.88,80.52,-0.52,-0.64%,1147465,1805276
03/30/2022,81.04,81.04,81.04,81.04,1.84,+2.32%,594337,1806727
03/29/2022,79.25,79.45,77.01,79.2,-0.06,-0.08%,813338,1795929
03/28/2022,79.26,79.26,78.11,79.26,-2.91,-3.54%,770776,1797764
03/25/2022,80,82.17,79.73,82.17,1.22,+1.51%,673363,1798893
03/24/2022,80.75,80.95,80.75,80.95,-2.01,-2.42%,640914,1794775
03/23/2022,82.96,82.96,82.96,82.96,1.67,+2.05%,692393,1785090
03/22/2022,81.29,81.29,81.03,81.29,-0.51,-0.62%,641338,1785352
03/21/2022,81.8,81.8,81.8,81.8,2.61,+3.30%,647851,1791376
03/18/2022,79.19,79.2,79.19,79.19,0.37,+0.47%,489955,1793331
03/17/2022,78.82,78.82,78.82,78.82,3.76,+5.01%,766617,1797129
03/16/2022,75.06,76.59,75.06,75.06,-1.18,-1.55%,743445,1828830
03/15/2022,76.24,76.24,75.02,76.24,-0.79,-1.03%,1088880,1850794
03/14/2022,77.03,77.03,77.03,77.03,-2.76,-3.46%,881671,1860422
03/11/2022,79.79,79.79,77.02,79.79,2.58,+3.34%,920851,1875698
03/10/2022,77.25,78.98,76.23,77.21,0.78,+1.02%,1277248,1880554
03/09/2022,76.75,83.47,74.49,76.43,-6.02,-7.30%,1593511,1872172
03/08/2022,82.45,85.78,80.63,82.45,-2.08,-2.46%,1407925,1896974
03/07/2022,84.53,84.69,83.36,84.53,0.25,+0.30%,1344395,1895097
03/04/2022,82,84.28,82,84.28,4.63,+5.81%,1252438,1929152
03/03/2022,79.7,79.89,78.42,79.65,0.59,+0.75%,1389977,1943641
03/02/2022,77.5,79.06,76.61,79.06,3.46,+4.58%,1735408,1978789
03/01/2022,75.7,76.28,75.6,75.6,1.31,+1.76%,2143563,2028476
02/28/2022,74.29,76.86,74.29,74.29,0.21,+0.28%,1236288,2093222
02/25/2022,74.08,75.51,73.96,74.08,-0.74,-0.99%,1133019,2091498
02/24/2022,78,79.78,74.48,74.82,-1.45,-1.90%,2110625,2080268
02/23/2022,75.89,76.54,75.89,76.27,0.78,+1.03%,946527,2057934
02/22/2022,76.35,76.63,74.2,75.49,1.2,+1.62%,1525754,2055493
02/18/2022,74.29,74.29,73.18,74.29,0.52,+0.70%,1239922,2066654
02/17/2022,73.77,73.77,73.16,73.77,-0.34,-0.46%,1152390,2085729
02/16/2022,74.11,74.11,73.14,74.11,0.7,+0.95%,1426368,2103984
02/15/2022,74,74,73,73.41,-2.17,-2.87%,1218978,2122758
02/14/2022,75.58,75.58,75.03,75.58,0.39,+0.52%,1164910,2134061
02/11/2022,73.8,75.34,73.8,75.19,0.97,+1.31%,1562551,2155738
02/10/2022,73.8,74.68,73.8,74.22,0.14,+0.19%,1234357,2175221
02/09/2022,74.08,74.08,74.08,74.08,1.15,+1.58%,1178074,2170631
02/08/2022,72.93,72.93,72.87,72.93,-0.75,-1.02%,1022924,2170681
02/07/2022,73.68,73.68,73.68,73.68,0.36,+0.49%,1186802,2162827
02/04/2022,73.03,73.32,73.03,73.32,0.59,+0.81%,989988,2156755
02/03/2022,70.98,72.73,70.98,72.73,1.06,+1.48%,1130410,2139943
02/02/2022,72,72.01,71.67,71.67,0.35,+0.49%,1056781,2118240
02/01/2022,71.32,71.32,70.87,71.32,0.01,+0.01%,831835,2093735
01/31/2022,71.31,71.31,71.31,71.31,0.38,+0.54%,804958,2100097
01/28/2022,70.93,71.59,70.93,70.93,-0.2,-0.28%,893657,2096885
01/27/2022,71.13,71.62,71.13,71.13,-0.41,-0.57%,886633,2108660
01/26/2022,71.54,71.54,71.54,71.54,0.64,+0.90%,1020425,2114988
01/25/2022,70.9,70.9,70.9,70.9,0.97,+1.39%,1121055,2095994
01/24/2022,70.75,70.83,69.47,69.93,-0.82,-1.16%,932587,2070565
01/21/2022,69.96,70.75,69.43,70.75,-0.06,-0.08%,998698,2062309
01/20/2022,70.81,70.81,69.88,70.81,0.8,+1.14%,1153254,2064666
01/19/2022,70.1,70.15,70.01,70.01,0.3,+0.43%,1180380,2050310
01/18/2022,70,70.01,69.71,69.71,0.89,+1.29%,1154023,2059564
01/14/2022,68.56,69,68.56,68.82,0.76,+1.12%,1180596,2046200
01/13/2022,68.35,68.35,68.06,68.06,0.04,+0.06%,1026047,2014573
01/12/2022,68.02,68.02,68.02,68.02,0.29,+0.43%,1218186,1987415
01/11/2022,67.73,67.73,67.73,67.73,1.55,+2.34%,1171497,1966615
01/10/2022,66.18,66.18,66.18,66.18,-0.5,-0.75%,894661,1931291
01/07/2022,67.5,67.5,66.68,66.68,-0.21,-0.31%,979709,1918425
01/06/2022,66.89,66.89,66.06,66.89,0.42,+0.63%,1170432,1913391
01/05/2022,66.47,66.47,66.41,66.47,-0.14,-0.21%,989697,1901975
01/04/2022,66.61,66.61,66.61,66.61,0.85,+1.29%,852063,1887131
01/03/2022,65.76,65.76,65.76,65.76,1.22,+1.89%,612605,1886114
12/31/2021,64.54,64.54,64.54,64.54,-1.41,-2.14%,423470,1866914
12/30/2021,65.95,65.95,65.95,65.95,0.21,+0.32%,411244,1867467
12/29/2021,65.74,65.74,65.74,65.74,0.59,+0.91%,530641,1870772
12/28/2021,65.15,65.46,65.15,65.15,0.04,+0.06%,462542,1867339
12/27/2021,65.11,65.14,63.51,65.11,1.36,+2.13%,517547,1860776
12/23/2021,63.75,63.75,63.75,63.75,0.74,+1.17%,553795,1876913
12/22/2021,63.01,63.01,62.99,63.01,-0.04,-0.06%,636063,1876749
12/21/2021,63.05,63.05,63.05,63.05,1.59,+2.59%,681445,1890075
12/20/2021,60.35,61.46,60.35,61.46,-1.1,-1.76%,880231,1894279
12/17/2021,62.56,62.56,62.56,62.56,-1.38,-2.16%,723271,1898762
12/16/2021,63.94,64.02,63.94,63.94,0.12,+0.19%,816074,1914421
12/15/2021,63.82,63.82,63.67,63.82,-0.41,-0.64%,795701,1926113
12/14/2021,64.23,64.23,63.99,64.23,-0.21,-0.33%,816260,1953397
12/13/2021,65.42,65.42,64.44,64.44,-0.19,-0.29%,924216,1959256
12/10/2021,64.63,64.63,64.63,64.63,0.2,+0.31%,889664,1951954
12/09/2021,65.55,65.55,64.43,64.43,-0.96,-1.47%,842077,1950626
12/08/2021,65.39,65.39,65.39,65.39,0.66,+1.02%,979833,1955000
12/07/2021,64.73,64.73,64.73,64.73,1.85,+2.94%,1100110,1972536
12/06/2021,62.88,62.88,62.88,62.88,1.9,+3.12%,816977,2007367
12/03/2021,60.98,61.51,60.98,60.98,0.7,+1.16%,951052,2007671
12/02/2021,60.28,60.28,60.28,60.28,0.81,+1.36%,1346330,2005184
12/01/2021,59.47,61,59.47,59.47,0.11,+0.19%,1194316,2013483
11/30/2021,59.36,62.67,58.95,59.36,-3.03,-4.86%,1417847,2033286
11/29/2021,63,63.36,62.08,62.39,1.65,+2.72%,1243626,2019931
11/26/2021,65.44,65.44,60.74,60.74,-6.01,-9.00%,1717122,2045831
11/24/2021,66.75,66.75,66.75,66.75,-0.07,-0.10%,638164,2031890
11/23/2021,66.2,66.82,65.39,66.82,1.35,+2.06%,1175187,2028573
11/22/2021,65.47,65.47,65.47,65.47,0.76,+1.17%,889171,2011470
11/19/2021,64.95,65.25,64.71,64.71,-1.53,-2.31%,1105443,2010455
11/18/2021,65.65,66.24,65.65,66.24,0.43,+0.65%,957993,2009899
11/17/2021,65.44,65.81,65.44,65.81,-0.75,-1.13%,1212752,2040686
11/16/2021,66.44,66.61,66.44,66.56,0.13,+0.20%,818337,2057633
11/15/2021,66.43,66.43,66.43,66.43,0.18,+0.27%,769690,2077469
11/12/2021,66.25,66.25,66.25,66.25,-0.63,-0.94%,895391,2084526
11/11/2021,66.8,66.88,66.65,66.88,0.34,+0.51%,1003994,2084809
11/10/2021,67.2,67.2,66.54,66.54,-1.24,-1.83%,1182999,2075368
11/09/2021,67.3,67.78,67.3,67.78,0.31,+0.46%,1197274,2081385
11/08/2021,67.45,67.59,67.45,67.47,0.54,+0.81%,866744,2092554
11/05/2021,66.96,66.96,66.93,66.93,1.41,+2.15%,1234536,2095645
11/04/2021,65.52,66.06,65.52,65.52,0.78,+1.20%,1633839,2125237
11/03/2021,64.74,64.74,64.73,64.74,-0.82,-1.25%,1200505,2121244
11/02/2021,65.56,65.56,65.56,65.56,0.15,+0.23%,871976,2121461
11/01/2021,65.41,65.41,65.41,65.41,0.52,+0.80%,918704,2121728
10/29/2021,64.89,64.89,64.89,64.89,-0.6,-0.92%,995657,2124479
10/28/2021,65.49,65.49,65.49,65.49,-0.21,-0.32%,993036,2137360
10/27/2021,65.7,65.7,65.7,65.7,-0.77,-1.16%,1001095,2138085
10/26/2021,66.86,66.86,66.47,66.47,0.08,+0.12%,1016111,2144359
10/25/2021,66.84,66.84,66.39,66.39,0.79,+1.20%,1484404,2153110
10/22/2021,65.6,65.6,65.6,65.6,0.09,+0.14%,1249725,2166955
10/21/2021,65.51,65.51,65.31,65.51,-0.91,-1.37%,1143112,2176958
10/20/2021,66.42,66.42,66.42,66.42,0.92,+1.40%,1000266,2207243
10/19/2021,65.5,65.5,65.5,65.5,0.01,+0.02%,1116783,2205089
10/18/2021,65.49,65.49,65.49,65.49,-0.23,-0.35%,1145753,2234236
10/15/2021,65.72,65.72,65.72,65.72,-0.19,-0.29%,944854,2242623
10/14/2021,65.91,65.91,65.91,65.91,0.27,+0.41%,1047327,2241579
10/13/2021,65.64,65.64,65.64,65.64,0.19,+0.29%,1107697,2246995
10/12/2021,65.45,65.45,65.45,65.45,0.36,+0.55%,1429133,2231227
10/11/2021,65.09,65.09,65.09,65.09,0.98,+1.53%,1764141,2215955
10/08/2021,64.11,64.11,64.11,64.11,0.38,+0.60%,1734631,2236821
10/07/2021,63.73,63.73,63.73,63.73,0.58,+0.92%,1273186,2250844
10/06/2021,63.15,63.15,63.15,63.15,-1.32,-2.05%,1043697,2242091
10/05/2021,64.47,64.47,64.47,64.47,0.68,+1.07%,1147488,2230794
10/04/2021,63.79,63.79,63.79,63.79,0.81,+1.29%,1039831,2197290
10/01/2021,62.98,62.98,62.98,62.98,1.05,+1.70%,823114,2174479
09/30/2021,62,62.23,61.71,61.93,-0.33,-0.53%,1143458,2176724
09/29/2021,62.26,62.26,61.81,62.26,0.15,+0.24%,794185,2179872
09/28/2021,62.11,62.11,62.11,62.11,-0.06,-0.10%,902587,2175199
09/27/2021,61.9,62.17,61.89,62.17,1.27,+2.09%,942197,2172111
09/24/2021,60.9,60.9,60.9,60.9,0.16,+0.26%,732385,2157090
09/23/2021,60.74,60.74,60.74,60.74,0.62,+1.03%,866535,2143727
09/22/2021,60.12,60.12,60.12,60.12,0.72,+1.21%,725876,2109890
09/21/2021,59.4,59.4,59.4,59.4,0.58,+0.99%,697055,2100163
09/20/2021,58.82,58.82,58.82,58.82,-1.04,-1.74%,757584,2111156
09/17/2021,59.86,59.86,59.86,59.86,-0.61,-1.01%,714072,2131248
09/16/2021,60.47,60.47,60.43,60.47,0,0.00%,855719,2141297
09/15/2021,60.47,60.53,60.47,60.47,0.45,+0.75%,1257627,2165198
09/14/2021,60.02,60.02,60.02,60.02,-0.08,-0.13%,998866,2145165
09/13/2021,60.1,60.1,60.1,60.1,0.2,+0.33%,975463,2139565
09/10/2021,59.9,59.9,59.9,59.9,1.03,+1.75%,909871,2155056
09/09/2021,58.87,58.87,58.87,58.87,-0.56,-0.94%,1211971,2152368
09/08/2021,59.43,59.43,59.43,59.43,0.12,+0.20%,997208,2141378
09/07/2021,59.31,59.31,59.31,59.31,-0.15,-0.25%,940059,2107706
09/03/2021,59.46,59.46,59.46,59.46,-0.14,-0.23%,685266,2105166
09/02/2021,59.6,59.6,59.6,59.6,0.73,+1.24%,931750,2107833
09/01/2021,58.87,58.87,58.36,58.87,0.32,+0.55%,865086,2091309
08/31/2021,58.55,58.55,58.55,58.55,-0.2,-0.34%,639802,2074185
08/30/2021,58.75,58.75,58.75,58.75,-0.1,-0.17%,707791,2078374
08/27/2021,58.85,58.85,58.85,58.85,0.9,+1.55%,668887,2066927
08/26/2021,57.95,57.95,57.95,57.95,-0.69,-1.18%,672555,2061961
08/25/2021,58.64,58.64,58.64,58.64,0.39,+0.67%,711086,2055220
08/24/2021,58.25,58.25,58.25,58.25,1.06,+1.85%,654518,2042879
08/23/2021,57.19,57.19,57.19,57.19,2.23,+4.06%,809966,2046100
08/20/2021,54.96,54.96,54.96,54.96,-1.07,-1.91%,665282,2064514
08/19/2021,56.03,56.03,55.82,56.03,-1.03,-1.81%,1006523,2082808
08/18/2021,57.06,57.06,57.05,57.06,-0.47,-0.82%,859851,2112754
08/17/2021,57.53,57.53,57.53,57.53,-0.65,-1.12%,724243,2135698
08/16/2021,58.18,58.18,58.03,58.18,-0.55,-0.94%,814043,2163841
08/13/2021,58.73,58.73,58.73,58.73,-0.32,-0.54%,628426,2170815
08/12/2021,59.05,59.05,59.05,59.05,0.02,+0.03%,784189,2189267
08/11/2021,59.03,59.03,58.31,59.03,0.6,+1.03%,1082443,2183513
08/10/2021,58.43,58.51,58.43,58.43,0.87,+1.51%,966035,2194794
08/09/2021,57.56,57.56,57.32,57.56,-0.78,-1.34%,1253552,2232098
08/06/2021,58.34,58.55,58.34,58.34,0.08,+0.14%,1195118,2246034
08/05/2021,58.26,58.26,58.26,58.26,0.87,+1.52%,831475,2276502
08/04/2021,57.39,57.39,57.39,57.39,-0.83,-1.43%,1286317,2284214
08/03/2021,58.22,58.22,57.54,58.22,0.06,+0.10%,1003295,2313202
08/02/2021,58.16,58.16,57.82,58.16,-1.47,-2.47%,850727,2316439
07/30/2021,59.63,59.63,59.63,59.63,-0.08,-0.13%,605951,2319540
07/29/2021,59.71,59.71,59.71,59.71,0.84,+1.43%,613648,2313808
07/28/2021,58.87,58.87,58.87,58.87,0.6,+1.03%,594758,2318495
07/27/2021,58.27,58.46,58.27,58.27,-0.02,-0.03%,675635,2326985
07/26/2021,58.29,58.29,58.25,58.29,-0.21,-0.36%,733659,2321619
07/23/2021,58.5,58.5,58.5,58.5,0.02,+0.03%,606486,2307468
07/22/2021,58.48,58.48,58.48,58.48,0.36,+0.62%,866773,2279821
07/21/2021,58.12,58.12,58.12,58.12,1.78,+3.16%,1004229,2243809
07/20/2021,56.34,56.37,55.71,56.34,0.22,+0.39%,1110523,2242376
07/19/2021,56.12,56.12,55.78,56.12,-3.3,-5.55%,1406718,2268027
07/16/2021,59.42,59.42,59.42,59.42,0.67,+1.14%,781790,2302475
07/15/2021,58.75,58.75,58.75,58.75,-0.3,-0.51%,1091288,2320055
07/14/2021,59.05,59.05,58.95,59.05,-0.87,-1.45%,1334368,2375821
07/13/2021,59.92,60,59.92,59.92,1.15,+1.96%,1116395,2413536
07/12/2021,58.77,58.77,58.77,58.77,0.16,+0.27%,887709,2394804
07/09/2021,58.61,58.61,58.61,58.61,1.01,+1.75%,886759,2382893
07/08/2021,57.6,57.6,57.6,57.6,0.27,+0.47%,1110379,2389918
07/07/2021,57.33,57.33,57,57.33,-0.74,-1.27%,1212207,2399887
07/06/2021,59.23,59.23,57.96,58.07,-1.61,-2.70%,1534003,2413946
07/02/2021,59.68,59.68,59.68,59.68,0.18,+0.30%,852400,2417932
07/01/2021,59.5,59.64,59.5,59.5,0.47,+0.80%,1415593,2412472
06/30/2021,59.03,59.05,59.03,59.03,0.07,+0.12%,759716,2390245
06/29/2021,58.96,59.16,58.94,58.96,0,0.00%,606916,2369631
06/28/2021,58.96,58.96,58.96,58.96,-0.55,-0.92%,662474,2360738
06/25/2021,59.51,59.51,59.35,59.51,0.06,+0.10%,795042,2369152
06/24/2021,59.45,59.45,59.13,59.45,0.21,+0.35%,673047,2372769
06/23/2021,59.24,59.58,59.24,59.24,0.22,+0.37%,889397,2362207
06/22/2021,59.02,59.02,59.02,59.02,0.27,+0.46%,1047707,2346975
06/21/2021,58.75,58.82,58.75,58.75,0.7,+1.21%,1360397,2379530
06/18/2021,58.05,58.12,57.57,58.05,0.41,+0.71%,960018,2416998
06/17/2021,57.64,57.64,57.15,57.64,-1.2,-2.04%,1136583,2444877
06/16/2021,58.84,58.87,58.84,58.84,0.19,+0.32%,1108669,2485108
06/15/2021,58.65,58.65,58.65,58.65,0.36,+0.62%,907230,2474859
06/14/2021,58.29,58.29,58.29,58.29,0.04,+0.07%,783387,2443681
06/11/2021,58.25,58.25,58.25,58.25,0.05,+0.09%,1621208,2466180
06/10/2021,58.2,58.2,57.67,58.2,0.03,+0.05%,1099107,2487828
06/09/2021,58.17,58.19,58.17,58.17,0.08,+0.14%,913968,2492881
06/08/2021,58.09,58.09,58.09,58.09,0.5,+0.87%,908543,2511533
06/07/2021,57.59,57.62,57.59,57.59,0.23,+0.40%,769124,2522272
06/04/2021,57.2,57.5,57.2,57.36,0.4,+0.70%,748482,2538946
06/03/2021,57.1,57.1,56.89,56.96,-0.01,-0.02%,667467,2525956
06/02/2021,56.97,56.97,56.97,56.97,0.45,+0.80%,711247,2510617
06/01/2021,56.52,57,56.52,56.52,0.69,+1.24%,1105137,2507073
05/28/2021,55.83,55.83,55.83,55.83,-0.48,-0.85%,969770,2484150
05/27/2021,56.31,56.31,56.21,56.31,0.08,+0.14%,685847,2475001
05/26/2021,56.23,56.23,56.23,56.23,0.19,+0.34%,738945,2464250
05/25/2021,56.04,56.04,56.04,56.04,-0.01,-0.02%,1160401,2426045
05/24/2021,56.05,56.05,56.05,56.05,1.25,+2.28%,938119,2423190
05/21/2021,54.8,54.8,54.8,54.8,0.68,+1.26%,1060954,2419431
05/20/2021,54.12,54.12,54.1,54.12,-0.57,-1.04%,945649,2417060
05/19/2021,54.9,54.9,54.29,54.69,-1.29,-2.30%,1191632,2440005
05/18/2021,55.98,56.48,55.64,55.98,-0.2,-0.36%,1019832,2458804
05/17/2021,56.18,56.18,55.77,56.18,0.28,+0.50%,779438,2450725
05/14/2021,55.9,55.9,55.9,55.9,0.59,+1.07%,971513,2482433
05/13/2021,55.4,55.4,55.31,55.31,-1.93,-3.37%,1189089,2452866
05/12/2021,57.24,57.29,57.24,57.24,0.66,+1.17%,1167073,2461608
05/11/2021,56.58,56.58,56.08,56.58,0.41,+0.73%,1061255,2444466
05/10/2021,56.17,56.19,56.17,56.17,0.16,+0.29%,977518,2458908
05/07/2021,55.68,56.01,55.68,56.01,0.33,+0.59%,942693,2454292
05/06/2021,55.87,55.93,55.68,55.68,0.02,+0.04%,808034,2458288
05/05/2021,55.66,55.81,55.66,55.66,0.11,+0.20%,1071385,2448728
05/04/2021,55.55,55.55,55.55,55.55,0.78,+1.42%,837858,2419641
05/03/2021,54.77,54.77,54.14,54.77,0.5,+0.92%,536747,2394890
04/30/2021,54.27,54.27,54.27,54.27,-0.92,-1.67%,846169,2381401
04/29/2021,55.19,55.34,55.19,55.19,0.5,+0.91%,799798,2375640
04/28/2021,54.69,54.69,54.37,54.69,0.19,+0.35%,794718,2364060
04/27/2021,54.5,54.5,54.5,54.5,0.57,+1.06%,727111,2353470
04/26/2021,53.93,53.93,53.32,53.93,0.07,+0.13%,671651,2345544
04/23/2021,53.86,53.86,53.86,53.86,0.49,+0.92%,669087,2338919
04/22/2021,53.37,53.37,53.37,53.37,0.56,+1.06%,661822,2330847
04/21/2021,52.5,52.81,52.5,52.81,-0.43,-0.81%,857062,2341710
04/20/2021,53.2,53.24,53.2,53.24,-0.54,-1.00%,945966,2346374
04/19/2021,53.78,53.78,53.78,53.78,-0.02,-0.04%,627530,2321872
04/16/2021,53.8,53.8,53.8,53.8,-0.33,-0.61%,634300,2326723
04/15/2021,54.13,54.13,54.13,54.13,-0.45,-0.82%,835434,2329964
04/14/2021,54.58,54.58,54.58,54.58,0.92,+1.71%,1334877,2337809
04/13/2021,53.66,53.66,53.66,53.66,0.36,+0.68%,875205,2301831
04/12/2021,53.3,53.3,53.3,53.3,0.59,+1.12%,919761,2316591
04/09/2021,52.71,52.71,52.71,52.71,0.18,+0.34%,934761,2338491
04/08/2021,52.53,52.53,52.53,52.53,-0.85,-1.59%,1099925,2328654
04/07/2021,53.38,53.38,53.11,53.38,0.24,+0.45%,1140236,2348097
04/06/2021,53.14,53.19,53.14,53.14,0.73,+1.39%,1017912,2340357
04/05/2021,52,52.5,52,52.41,-0.67,-1.26%,999951,2348171
04/01/2021,53.08,53.08,53.08,53.08,2.42,+4.78%,1386917,2351471
03/31/2021,50.66,50.66,50.66,50.66,-0.54,-1.05%,870603,2347818
03/30/2021,51.2,51.2,51.2,51.2,-0.5,-0.97%,763972,2327016
03/29/2021,51.7,51.7,51.68,51.7,-0.08,-0.15%,860633,2327656
03/26/2021,51.78,51.78,51.78,51.78,1.25,+2.47%,971973,2311010
03/25/2021,50.53,50.53,50.45,50.53,-1.51,-2.90%,1109701,2313978
03/24/2021,52.04,52.04,52.04,52.04,0.94,+1.84%,1235855,2335564
03/23/2021,51.1,51.1,51.1,51.1,-1.24,-2.37%,1666736,2319227
03/22/2021,52.34,52.34,52.34,52.34,0.15,+0.29%,789467,2341031
03/19/2021,52.19,52.19,52.19,52.19,0.32,+0.62%,1522808,2360325
03/18/2021,51.87,51.87,51.53,51.87,-1.47,-2.76%,1734576,2425668
03/17/2021,53.34,53.34,53.34,53.34,0.33,+0.62%,1069630,2479223
03/16/2021,53.01,53.01,52.93,53.01,-0.12,-0.23%,888188,2523179
03/15/2021,53.13,53.13,53.09,53.13,-0.04,-0.08%,867179,2540366
03/12/2021,53.26,53.26,53.17,53.17,-0.09,-0.17%,761658,2541262
03/11/2021,53.26,53.26,53.26,53.26,0.58,+1.10%,1035201,2533327
03/10/2021,52.86,52.87,52.68,52.68,-0.18,-0.34%,1153571,2503228
03/09/2021,52.86,52.86,52.86,52.86,-0.22,-0.41%,1362083,2494636
03/08/2021,53.08,53.58,53.08,53.08,-0.43,-0.80%,1167383,2496613
03/05/2021,52.48,53.51,52.48,53.51,1.24,+2.37%,1364951,2504181
03/04/2021,52.5,52.54,52.27,52.27,0.57,+1.10%,1742890,2494921
03/03/2021,51.7,51.7,51.7,51.7,0.82,+1.61%,1082922,2509004
03/02/2021,50.88,51.12,50.88,50.88,0.14,+0.28%,1016988,2491831
03/01/2021,50.74,51.42,50.74,50.74,-0.3,-0.59%,970816,2518346
02/26/2021,51.04,51.04,51.04,51.04,-1.23,-2.35%,899295,2502731
02/25/2021,52.27,52.27,52.27,52.27,-0.06,-0.11%,1114845,2506385
02/24/2021,52.33,52.33,52.33,52.33,1.16,+2.27%,989477,2483509
02/23/2021,51.17,51.18,51.17,51.17,0.1,+0.20%,1081064,2458401
02/22/2021,51.07,51.07,51.07,51.07,0.95,+1.90%,1069878,2462288
02/19/2021,50.12,50.12,50.12,50.12,0.07,+0.14%,1579104,2466311
02/18/2021,50.29,50.29,50.05,50.05,0.05,+0.10%,1357449,2525039
02/17/2021,50,50,50,50,0.21,+0.42%,1344234,2495680
02/16/2021,49.79,49.79,49.79,49.79,0.43,+0.87%,1898699,2507620
02/12/2021,49.36,49.36,49.36,49.36,0.37,+0.76%,1311936,2490047
02/11/2021,48.99,48.99,48.99,48.99,-0.1,-0.20%,964114,2471472
02/10/2021,49.09,49.09,49.09,49.09,0.23,+0.47%,1098314,2453084
02/09/2021,48.86,48.86,48.86,48.86,0.23,+0.47%,1320651,2446808
02/08/2021,48.63,48.63,48.63,48.63,0.69,+1.44%,954494,2444704
02/05/2021,47.94,47.94,47.94,47.94,0.17,+0.36%,942700,2446654
02/04/2021,47.77,47.77,47.77,47.77,0.19,+0.40%,953099,2459265
02/03/2021,47.35,47.78,47.35,47.58,0.05,+0.11%,1162998,2444027
02/02/2021,47.53,47.53,47.53,47.53,0.38,+0.81%,1179436,2389677
02/01/2021,47.15,47.15,47.15,47.15,0.64,+1.38%,844084,2366919
01/29/2021,46.51,46.51,46.51,46.51,-0.12,-0.26%,748215,2348413
01/28/2021,46.63,46.63,46.63,46.63,-0.3,-0.64%,778156,2338824
01/27/2021,46.93,46.93,46.93,46.93,0.35,+0.75%,878117,2344277
01/26/2021,46.58,46.58,46.58,46.58,-0.13,-0.28%,624881,2316660
01/25/2021,46.71,46.71,46.71,46.71,0.36,+0.78%,689727,2305820
01/22/2021,46.35,46.35,46.35,46.35,-0.47,-1.00%,867285,2292559
01/21/2021,46.82,46.82,46.82,46.82,-0.08,-0.17%,746105,2279059
01/20/2021,46.9,46.9,46.9,46.9,-0.17,-0.36%,939528,2249804
01/19/2021,47.07,47.07,47.07,47.07,-0.06,-0.13%,1170364,2217037
01/15/2021,47.13,47.13,47.13,47.13,-0.2,-0.42%,934910,2223929
01/14/2021,47.33,47.33,47.33,47.33,0.09,+0.19%,1201287,2237970
01/13/2021,47.24,47.24,47.24,47.24,0.5,+1.07%,1033842,2237743
01/12/2021,46.74,46.74,46.74,46.74,0.36,+0.78%,974594,2234696
01/11/2021,46.38,46.38,46.38,46.38,0.31,+0.67%,975161,2226452
01/08/2021,46.07,46.07,46.07,46.07,0.48,+1.05%,1214209,2234242
01/07/2021,45.59,45.59,45.59,45.59,0.44,+0.97%,944432,2198732
01/06/2021,45.15,45.15,45.15,45.15,-0.29,-0.64%,1446677,2180304
01/05/2021,45.44,45.44,45.44,45.44,0.4,+0.89%,1653134,2169541
01/04/2021,45.04,45.04,45.04,45.04,-0.29,-0.64%,1065679,2173097
12/31/2020,45.33,45.33,45.33,45.33,-0.13,-0.29%,347641,2150297
12/30/2020,45.46,45.46,45.46,45.46,-0.02,-0.04%,498165,2144206
12/29/2020,45.48,45.48,45.48,45.48,0.26,+0.57%,387744,2121502
12/28/2020,45.22,45.22,45.22,45.22,-0.48,-1.05%,432393,2122201
12/24/2020,45.7,45.7,45.7,45.7,0.18,+0.40%,261200,2116035
12/23/2020,45.52,45.52,45.52,45.52,0.75,+1.68%,575048,2119676
12/22/2020,44.77,44.77,44.77,44.77,-0.54,-1.19%,508132,2113640
12/21/2020,45.31,45.31,44.97,45.31,-0.6,-1.31%,781727,2117542
12/18/2020,45.7,45.91,45.7,45.91,0.21,+0.46%,681470,2137590
12/17/2020,45.7,45.7,45.7,45.7,0.59,+1.31%,581499,2149551
12/16/2020,45.11,45.11,45.11,45.11,0.14,+0.31%,805409,2133376
12/15/2020,44.97,44.97,44.97,44.97,0.47,+1.06%,826271,2154618
12/14/2020,44.5,44.5,44.5,44.5,0.37,+0.84%,905593,2152658
12/11/2020,44.13,44.13,44.13,44.13,-0.25,-0.56%,943509,2155425
12/10/2020,44.38,44.38,44.38,44.38,0.27,+0.61%,1097325,2134492
12/09/2020,44.11,44.11,44.11,44.11,0.02,+0.05%,940309,2115098
12/08/2020,44.09,44.09,44.09,44.09,0.16,+0.36%,769451,2131913
12/07/2020,43.93,43.93,43.93,43.93,0.12,+0.27%,871504,2133246
12/04/2020,43.81,43.81,43.81,43.81,0.71,+1.65%,807333,2161628
12/03/2020,43.1,43.1,43.1,43.1,-0.69,-1.58%,811389,2152736
12/02/2020,43.79,43.79,43.79,43.79,-0.14,-0.32%,855536,2137707
12/01/2020,43.93,43.93,43.93,43.93,-0.94,-2.09%,717520,2122605
11/30/2020,44.87,44.87,44.87,44.87,-0.22,-0.49%,781509,2127463
11/27/2020,45.09,45.09,45.09,45.09,-0.16,-0.35%,674285,2122040
11/25/2020,45.25,45.25,45.25,45.25,0.84,+1.89%,1083145,2112146
11/24/2020,44.41,44.41,44.41,44.41,0.29,+0.66%,1137947,2083018
11/23/2020,44.12,44.12,44.12,44.12,0.16,+0.36%,735364,2063756
11/20/2020,43.96,43.96,43.96,43.96,0.13,+0.30%,596987,2054092
11/19/2020,43.83,43.83,43.83,43.83,-0.35,-0.79%,681233,2046206
11/18/2020,44.18,44.18,44.18,44.18,0.27,+0.61%,718161,2092268
11/17/2020,43.91,43.91,43.91,43.91,-0.08,-0.18%,726991,2083804
11/16/2020,43.99,43.99,43.99,43.99,0.4,+0.92%,940464,2107670
11/13/2020,43.59,43.59,43.59,43.59,-0.62,-1.40%,822014,2125233
11/12/2020,44.21,44.21,44.21,44.21,-0.29,-0.65%,863928,2119387
11/11/2020,44.5,44.5,44.5,44.5,0.42,+0.95%,1076445,2092928
11/10/2020,44.08,44.08,44.08,44.08,-0.07,-0.16%,1117711,2053450
11/09/2020,44.15,44.15,44.15,44.15,1.52,+3.57%,1516538,2031547
11/06/2020,42.63,42.63,42.63,42.63,-0.77,-1.77%,872464,2023362
11/05/2020,43.4,43.4,43.4,43.4,-0.28,-0.64%,584902,2006941
11/04/2020,43.68,43.68,43.68,43.68,0.86,+2.01%,842587,2009791
11/03/2020,42.82,42.82,42.82,42.82,-0.11,-0.26%,874076,2013491
11/02/2020,42.93,42.93,42.93,42.93,1.19,+2.85%,1003733,2039335
10/30/2020,41.74,41.74,41.74,41.74,0.37,+0.89%,743494,2023400
10/29/2020,41.37,41.37,41.37,41.37,-0.84,-1.99%,1129813,2009386
10/28/2020,42.21,42.21,42.21,42.21,-1.1,-2.54%,941921,2012012
10/27/2020,43.31,43.31,43.31,43.31,0.53,+1.24%,567900,2011744
10/26/2020,42.78,42.78,42.78,42.78,-0.76,-1.75%,618511,2015221
10/23/2020,43.54,43.54,43.54,43.54,-0.57,-1.29%,444239,2007603
10/22/2020,44.11,44.11,44.11,44.11,0.36,+0.82%,510755,2011507
10/21/2020,43.75,43.75,43.75,43.75,-0.99,-2.21%,653422,2026380
10/20/2020,44.74,44.74,44.74,44.74,0.43,+0.97%,627409,2008415
10/19/2020,44.31,44.31,44.31,44.31,-0.01,-0.02%,607672,2012982
10/16/2020,44.32,44.32,44.32,44.32,-0.14,-0.31%,521775,2052868
10/15/2020,44.46,44.46,44.46,44.46,0.21,+0.47%,814015,2060209
10/14/2020,44.25,44.25,44.25,44.25,0.36,+0.82%,852626,2067726
10/13/2020,43.89,43.89,43.89,43.89,0.26,+0.60%,919833,2059382
10/12/2020,43.63,43.63,43.63,43.63,-0.46,-1.04%,740367,2055902
10/09/2020,44.09,44.09,44.09,44.09,-0.6,-1.34%,768793,2040747
10/08/2020,44.69,44.69,44.69,44.69,0.39,+0.88%,1131618,2050021
10/07/2020,44.3,44.3,44.3,44.3,-0.66,-1.47%,946273,2091860
10/06/2020,44.96,44.96,44.96,44.96,0.54,+1.22%,914330,2111762
10/05/2020,44.42,44.42,44.42,44.42,1.33,+3.09%,821978,2115213
10/02/2020,43.09,43.09,43.09,43.09,-1.03,-2.33%,811659,2112306
10/01/2020,44.12,44.12,44.12,44.12,-0.63,-1.41%,950073,2094917
09/30/2020,44.75,44.75,44.75,44.75,0.62,+1.40%,791243,2078629
09/29/2020,44.13,44.13,44.13,44.13,-1.05,-2.32%,747984,2078331
09/28/2020,45.18,45.18,45.18,45.18,0.11,+0.24%,404640,2058364
09/25/2020,45.07,45.07,45.07,45.07,-0.3,-0.66%,484181,2052097
09/24/2020,45.37,45.37,45.37,45.37,0.25,+0.55%,515907,2044780
09/23/2020,45.12,45.12,45.12,45.12,-0.02,-0.04%,592706,2036702
09/22/2020,45.14,45.14,45.14,45.14,0.17,+0.38%,542373,2025213
09/21/2020,44.97,44.97,44.97,44.97,-1.1,-2.39%,747742,2023457
09/18/2020,46.07,46.07,46.07,46.07,-0.21,-0.45%,654720,2060694
09/17/2020,46.28,46.28,46.28,46.28,0.22,+0.48%,965147,2059245
09/16/2020,46.06,46.06,46.06,46.06,0.1,+0.22%,1189930,2090453
09/15/2020,45.96,45.96,45.96,45.96,0.64,+1.41%,956327,2108987
09/14/2020,45.32,45.32,45.32,45.32,0.24,+0.53%,845710,2108791
09/11/2020,45.08,45.08,45.08,45.08,-0.22,-0.49%,803198,2098411
09/10/2020,45.3,45.3,45.3,45.3,-0.22,-0.48%,908944,2084621
09/09/2020,45.52,45.52,45.52,45.52,0.51,+1.13%,1107148,2064813
09/08/2020,45.01,45.01,45.01,45.01,-1.67,-3.58%,1613650,2046660
09/04/2020,46.68,46.68,46.68,46.68,-0.47,-1.00%,871850,2058086
09/03/2020,47.15,47.15,47.15,47.15,0.33,+0.70%,826059,2054036
09/02/2020,46.82,46.82,46.82,46.82,-0.61,-1.29%,856292,2069502
09/01/2020,47.43,47.43,47.43,47.43,0.28,+0.59%,653585,2064137
08/31/2020,47.15,47.15,47.15,47.15,-0.53,-1.11%,474778,2061302
08/28/2020,47.68,47.68,47.68,47.68,0.56,+1.19%,572787,2061320
08/27/2020,47.12,47.12,47.12,47.12,-0.48,-1.01%,628208,2065850
08/26/2020,47.6,47.6,47.6,47.6,-0.07,-0.15%,577845,2060657
08/25/2020,47.67,47.67,47.67,47.67,0.36,+0.76%,773324,2052448
08/24/2020,47.31,47.31,47.31,47.31,0.55,+1.18%,565374,2034937
08/21/2020,46.76,46.76,46.76,46.76,-0.22,-0.47%,656846,2041572
08/20/2020,46.98,46.98,46.98,46.98,-0.16,-0.34%,707966,2034469
08/19/2020,47.14,47.14,47.14,47.14,0.19,+0.40%,631916,2031907
08/18/2020,46.95,46.95,46.95,46.95,-0.16,-0.34%,650777,2044952
08/17/2020,47.11,47.11,47.11,47.11,0.56,+1.20%,678800,2052090
08/14/2020,46.55,46.55,46.55,46.55,-0.17,-0.36%,755724,2060758
08/13/2020,46.72,46.72,46.72,46.72,-0.06,-0.13%,796947,2060175
08/12/2020,46.78,46.78,46.78,46.78,0.51,+1.10%,954513,2038670
08/11/2020,46.27,46.27,46.27,46.27,-0.34,-0.73%,921210,2060880
08/10/2020,46.61,46.61,46.61,46.61,0.2,+0.43%,758647,2053681
08/07/2020,46.41,46.41,46.41,46.41,-0.43,-0.92%,815187,2053431
08/06/2020,46.84,46.84,46.84,46.84,0.21,+0.45%,854350,2068254
08/05/2020,46.63,46.63,46.63,46.63,0.05,+0.11%,1226577,2063481
08/04/2020,46.58,46.58,46.58,46.58,0.03,+0.06%,978743,2032921
08/03/2020,46.55,46.55,46.55,46.55,0.87,+1.90%,719660,2003066
07/31/2020,45.68,45.68,45.68,45.68,0.39,+0.86%,607147,2006292
07/30/2020,45.29,45.29,45.29,45.29,-0.82,-1.78%,950439,2013703
07/29/2020,46.11,46.11,46.11,46.11,0.17,+0.37%,648271,2000385
07/28/2020,45.94,45.94,45.94,45.94,-0.13,-0.28%,526585,1992556
07/27/2020,46.07,46.07,46.07,46.07,0.31,+0.68%,731313,1987044
07/24/2020,45.76,45.76,45.76,45.76,0.6,+1.33%,656430,1973830
07/23/2020,45.16,45.16,45.16,45.16,-0.14,-0.31%,734121,1960622
07/22/2020,45.3,45.3,45.3,45.3,-0.01,-0.02%,577772,1963576
07/21/2020,45.31,45.31,45.31,45.31,0.25,+0.55%,787271,1954942
07/20/2020,45.06,45.06,45.06,45.06,0.13,+0.29%,580416,1967562
07/17/2020,44.93,44.93,44.93,44.93,0.05,+0.11%,540426,1984589
07/16/2020,44.88,44.88,44.88,44.88,-0.18,-0.40%,581072,1994075
07/15/2020,45.06,45.06,45.06,45.06,0.21,+0.47%,886258,2018439
07/14/2020,44.85,44.85,44.85,44.85,0.2,+0.45%,929666,2019705
07/13/2020,44.65,44.65,44.65,44.65,-0.38,-0.84%,845786,1975666
07/10/2020,45.03,45.03,45.03,45.03,0.25,+0.56%,902783,1970287
07/09/2020,44.78,44.78,44.78,44.78,-0.1,-0.22%,822011,1980911
07/08/2020,44.88,44.88,44.88,44.88,0.62,+1.40%,673199,1978585
07/07/2020,44.26,44.26,44.26,44.26,0.05,+0.11%,568015,1972049
07/06/2020,44.21,44.21,44.21,44.21,0.17,+0.39%,832637,1975413
07/02/2020,44.04,44.04,44.04,44.04,0.57,+1.31%,782788,1977457
07/01/2020,43.47,43.47,43.47,43.47,0.37,+0.86%,1013807,1994608
06/30/2020,43.1,43.1,43.1,43.1,-0.75,-1.71%,948851,2008618
06/29/2020,43.85,43.85,43.85,43.85,0.79,+1.83%,734260,2011449
06/26/2020,43.06,43.06,43.06,43.06,0.02,+0.05%,700505,2017669
06/25/2020,43.04,43.04,43.04,43.04,0.26,+0.61%,865207,2011488
06/24/2020,42.78,42.78,42.78,42.78,-0.85,-1.95%,949728,2000075
06/23/2020,43.63,43.63,43.63,43.63,-0.34,-0.77%,655416,2002600
06/22/2020,43.97,43.97,43.97,43.97,0.53,+1.22%,612408,2006271
06/19/2020,43.44,43.44,43.44,43.44,0.1,+0.23%,1010918,2017512
06/18/2020,43.34,43.34,43.34,43.34,-0.11,-0.25%,786331,2035454
06/17/2020,43.45,43.45,43.45,43.45,-0.81,-1.83%,828060,2060800
06/16/2020,44.26,44.26,44.26,44.26,0.31,+0.71%,1007468,2076990
06/15/2020,43.95,43.95,43.95,43.95,1,+2.33%,960125,2095273
06/12/2020,42.95,42.95,42.95,42.95,-0.23,-0.53%,933452,2101697
06/11/2020,43.18,43.18,43.18,43.18,-1.77,-3.94%,1248997,2124099
06/10/2020,44.95,44.95,44.95,44.95,0.14,+0.31%,807483,2123604
06/09/2020,44.81,44.81,44.81,44.81,0.67,+1.52%,860136,2126629
06/08/2020,44.14,44.14,44.14,44.14,-1.16,-2.56%,917831,2134818
06/05/2020,45.3,45.3,45.3,45.3,0.27,+0.60%,992909,2132269
06/04/2020,45.03,45.03,45.03,45.03,0.44,+0.99%,658704,2126519
06/03/2020,44.59,44.59,44.59,44.59,0.21,+0.47%,1011483,2136175
06/02/2020,44.38,44.38,44.38,44.38,0.23,+0.52%,806855,2127664
06/01/2020,44.15,44.15,44.15,44.15,0.17,+0.39%,844945,2129139
05/29/2020,43.98,43.98,43.98,43.98,0.12,+0.27%,932890,2142743
05/28/2020,43.86,43.86,43.86,43.86,0.63,+1.46%,895014,2129715
05/27/2020,43.23,43.23,43.23,43.23,-0.18,-0.41%,849876,2125629
05/26/2020,43.41,43.41,43.41,43.41,1.22,+2.89%,905329,2135678
05/22/2020,42.19,42.19,42.19,42.19,-0.21,-0.50%,823501,2140482
05/21/2020,42.4,42.4,42.4,42.4,-0.2,-0.47%,841033,2144464
05/20/2020,42.6,42.6,42.6,42.6,0.92,+2.21%,837903,2150854
05/19/2020,41.68,41.68,41.68,41.68,-0.29,-0.69%,825390,2157691
05/18/2020,41.97,41.97,41.97,41.97,1.3,+3.20%,1224905,2196268
05/15/2020,40.67,40.67,40.67,40.67,-0.02,-0.05%,982263,2221978
05/14/2020,40.69,40.69,40.69,40.69,0.33,+0.82%,1068250,2228390
05/13/2020,40.36,40.36,40.36,40.36,0.26,+0.65%,1146095,2287017
05/12/2020,40.1,40.1,40.1,40.1,-0.06,-0.15%,1229616,2248020
05/11/2020,40.16,40.16,40.16,40.16,-1.08,-2.62%,1157671,2256430
05/08/2020,41.24,41.24,41.24,41.24,1.64,+4.14%,1063688,2253072
05/07/2020,39.6,39.6,39.6,39.6,0.39,+0.99%,1410324,2223754
05/06/2020,39.21,39.21,39.21,39.21,-0.46,-1.16%,1315201,2235023
05/05/2020,39.67,39.67,39.67,39.67,0.55,+1.41%,1405939,2243871
05/04/2020,39.12,39.12,39.12,39.12,-0.15,-0.38%,1136189,2233301
05/01/2020,39.27,39.27,39.27,39.27,-1.03,-2.56%,1237919,2256920
04/30/2020,40.3,40.3,40.3,40.3,1.02,+2.60%,1605360,2303488
04/29/2020,39.28,39.28,39.28,39.28,-0.06,-0.15%,1448973,2282879
04/28/2020,39.34,39.34,39.34,39.34,0.3,+0.77%,2133571,2261202
04/27/2020,39.04,39.04,39.04,39.04,-0.2,-0.51%,1460718,2192922
04/24/2020,39.24,39.24,39.24,39.24,-0.26,-0.66%,1387584,2191521
04/23/2020,39.5,39.5,39.5,39.5,-0.75,-1.86%,1609438,2220166
04/22/2020,40.25,40.25,40.25,40.25,1.76,+4.57%,2485611,2222819
04/21/2020,38.49,38.49,38.49,38.49,-2.6,-6.33%,4137911,2274211
04/20/2020,41.09,41.09,41.09,41.09,-0.22,-0.53%,2391120,2386527
04/17/2020,41.31,41.31,41.31,41.31,0.04,+0.10%,1459593,2390935
04/16/2020,41.27,41.27,41.27,41.27,-0.1,-0.24%,1181430,2372981
04/15/2020,41.37,41.37,41.37,41.37,-1.52,-3.54%,1329637,2371253
04/14/2020,42.89,42.89,42.89,42.89,0.94,+2.24%,1770313,2353955
04/13/2020,41.95,41.95,41.95,41.95,0.51,+1.23%,1700881,2370611
04/09/2020,41.44,41.44,41.44,41.44,0.21,+0.51%,2246394,2345343
04/08/2020,41.23,41.23,41.23,41.23,-0.36,-0.87%,1868711,2329658
04/07/2020,41.59,41.59,41.59,41.59,0.53,+1.29%,1590452,2342227
04/06/2020,41.06,41.06,41.06,41.06,0.94,+2.34%,1435401,2392218
04/03/2020,40.12,40.12,40.12,40.12,-0.97,-2.36%,2088373,2375506
04/02/2020,41.09,41.09,41.09,41.09,-0.22,-0.53%,2441899,2381215
04/01/2020,41.31,41.31,41.31,41.31,-0.93,-2.20%,1559446,2390716
03/31/2020,42.24,42.24,42.24,42.24,0,0.00%,1277854,2340672
03/30/2020,42.24,42.24,42.24,42.24,0.49,+1.17%,1585473,2297312
03/27/2020,41.75,41.75,41.75,41.75,0.68,+1.66%,1231681,2226370
03/26/2020,41.07,41.07,41.07,41.07,-0.49,-1.18%,1268519,2184271
03/25/2020,41.56,41.56,41.56,41.56,1.2,+2.97%,1166612,2161270
03/24/2020,40.36,40.36,40.36,40.36,0.8,+2.02%,1226086,2141284
03/23/2020,39.56,39.56,39.56,39.56,1.02,+2.65%,1458159,2142730
03/20/2020,38.54,38.54,38.54,38.54,-1.36,-3.41%,2017253,2129337
03/19/2020,39.9,39.9,39.9,39.9,0.18,+0.45%,2295092,2124117
03/18/2020,39.72,39.72,39.72,39.72,-3.51,-8.12%,2489038,2140367
03/17/2020,43.23,43.23,43.23,43.23,-0.13,-0.30%,1666295,2154450
03/16/2020,43.36,43.36,43.36,43.36,-2.7,-5.86%,1818929,2190227
03/13/2020,46.06,46.06,46.06,46.06,-1.02,-2.17%,1830954,2201888
03/12/2020,47.08,47.08,47.08,47.08,0.11,+0.23%,2940111,2220595
03/11/2020,46.97,46.97,46.97,46.97,0.21,+0.45%,1910504,2230012
03/10/2020,46.76,46.76,46.76,46.76,0.93,+2.03%,2228991,2220972
03/09/2020,45.83,45.83,45.83,45.83,-3.12,-6.37%,4023388,2211948
03/06/2020,48.95,48.95,48.95,48.95,-0.53,-1.07%,2696734,2214254
03/05/2020,49.48,49.48,49.48,49.48,-0.01,-0.02%,1219703,2233315
03/04/2020,49.49,49.49,49.49,49.49,0.12,+0.24%,1288506,2211246
03/03/2020,49.37,49.37,49.37,49.37,0.19,+0.39%,1657858,2196089
03/02/2020,49.18,49.18,49.18,49.18,0.77,+1.59%,1580631,2205214
02/28/2020,48.41,48.41,48.41,48.41,-1.28,-2.58%,1946472,2209193
02/27/2020,49.69,49.69,49.69,49.69,-0.11,-0.22%,1829637,2208234
02/26/2020,49.8,49.8,49.8,49.8,-0.31,-0.62%,1505750,2183533
02/25/2020,50.11,50.11,50.11,50.11,-1.35,-2.62%,1309995,2179833
02/24/2020,51.46,51.46,51.46,51.46,-0.12,-0.23%,1351507,2152959
02/21/2020,51.58,51.58,51.58,51.58,-0.09,-0.17%,1240085,2121237
02/20/2020,51.67,51.67,51.67,51.67,0.08,+0.16%,1152020,2109733
02/19/2020,51.59,51.59,51.59,51.59,0.19,+0.37%,1167968,2126079
02/18/2020,51.4,51.4,51.4,51.4,0.51,+1.00%,1323244,2138168
02/14/2020,50.89,50.89,50.89,50.89,0.08,+0.16%,1268512,2145000
02/13/2020,50.81,50.81,50.81,50.81,-0.48,-0.94%,1578507,2193121
02/12/2020,51.29,51.29,51.29,51.29,-0.28,-0.54%,1630456,2212387
02/11/2020,51.57,51.57,51.57,51.57,-0.35,-0.67%,1406144,2213522
02/10/2020,51.92,51.92,51.92,51.92,0.22,+0.43%,1421242,2232038
02/07/2020,51.7,51.7,51.7,51.7,0.33,+0.64%,1521504,2228359
02/06/2020,51.37,51.37,51.37,51.37,0.69,+1.36%,1513493,2257711
02/05/2020,50.68,50.68,50.68,50.68,0.15,+0.30%,1587238,2259287
02/04/2020,50.53,50.53,50.53,50.53,-0.01,-0.02%,1590958,2271741
02/03/2020,50.54,50.54,50.54,50.54,0.17,+0.34%,1755325,2266346
01/31/2020,50.37,50.37,50.37,50.37,0.07,+0.14%,1564320,2229701
01/30/2020,50.3,50.3,50.3,50.3,0.21,+0.42%,1318618,2207860
01/29/2020,50.09,50.09,50.09,50.09,-0.11,-0.22%,1088723,2195724
01/28/2020,50.2,50.2,50.2,50.2,0.23,+0.46%,1101775,2172019
01/27/2020,49.97,49.97,49.97,49.97,0.34,+0.69%,1164088,2175874
01/24/2020,49.63,49.63,49.63,49.63,-0.55,-1.10%,909872,2174021
01/23/2020,50.18,50.18,50.18,50.18,-1.03,-2.01%,1297877,2149378
01/22/2020,51.21,51.21,51.21,51.21,-0.44,-0.85%,1059894,2149377
01/21/2020,51.65,51.65,51.65,51.65,0.33,+0.64%,1125184,2141469
01/17/2020,51.32,51.32,51.32,51.32,0.04,+0.08%,801086,2148946
01/16/2020,51.28,51.28,51.28,51.28,0.25,+0.49%,972325,2198622
01/15/2020,51.03,51.03,51.03,51.03,-0.38,-0.74%,1021609,2194905
01/14/2020,51.41,51.41,51.41,51.41,0.04,+0.08%,1173261,2215893
01/13/2020,51.37,51.37,51.37,51.37,0.07,+0.14%,1221808,2215788
01/10/2020,51.3,51.3,51.3,51.3,-0.15,-0.29%,1248759,2232832
01/09/2020,51.45,51.45,51.45,51.45,0.39,+0.76%,1448482,2225737
01/08/2020,51.06,51.06,51.06,51.06,-0.47,-0.91%,2439671,2222854
01/07/2020,51.53,51.53,51.53,51.53,0.33,+0.64%,1086609,2244930
01/06/2020,51.2,51.2,51.2,51.2,-0.01,-0.02%,1365487,2219387
01/03/2020,51.21,51.21,51.21,51.21,-0.46,-0.89%,1823096,2203420
01/02/2020,51.67,51.67,51.67,51.67,0.38,+0.74%,796011,2152813
12/31/2019,51.29,51.29,51.29,51.29,-0.39,-0.75%,767489,2145567
12/30/2019,51.68,51.68,51.68,51.68,0.07,+0.14%,695563,2133560
12/27/2019,51.61,51.61,51.61,51.61,0.41,+0.80%,617881,2125892
12/26/2019,51.2,51.2,51.2,51.2,-0.06,-0.12%,465516,2125595
12/24/2019,51.26,51.26,51.26,51.26,0.08,+0.16%,338011,2114661
12/23/2019,51.18,51.18,51.18,51.18,0.06,+0.12%,573718,2110324
12/20/2019,51.12,51.12,51.12,51.12,0.05,+0.10%,1157702,2115462
12/19/2019,51.07,51.07,51.07,51.07,-0.11,-0.21%,771816,2154626
12/18/2019,51.18,51.18,51.18,51.18,0.06,+0.12%,1080518,2150000
12/17/2019,51.12,51.12,51.12,51.12,-0.38,-0.74%,944561,2166584
12/16/2019,51.5,51.5,51.5,51.5,0.42,+0.82%,838746,2147533
12/13/2019,51.08,51.08,51.08,51.08,-0.13,-0.25%,1110281,2177380
12/12/2019,51.21,51.21,51.21,51.21,0.26,+0.51%,1084012,2205273
12/11/2019,50.95,50.95,50.95,50.95,-0.2,-0.39%,1115245,2194891
12/10/2019,51.15,51.15,51.15,51.15,0.25,+0.49%,1122915,2229813
12/09/2019,50.9,50.9,50.9,50.9,-0.01,-0.02%,988938,2236862
12/06/2019,50.91,50.91,50.91,50.91,-0.33,-0.64%,1291889,2233884
12/05/2019,51.24,51.24,51.24,51.24,-0.43,-0.83%,1097705,2209751
12/04/2019,51.67,51.67,51.67,51.67,0.58,+1.14%,1312055,2192511
12/03/2019,51.09,51.09,51.09,51.09,0.07,+0.14%,901452,2163757
12/02/2019,51.02,51.02,51.02,51.02,0.84,+1.67%,1015732,2173009
11/29/2019,50.18,50.18,50.18,50.18,-1.32,-2.56%,1078373,2190986
11/27/2019,51.5,51.5,51.5,51.5,-0.38,-0.73%,732237,2196244
11/26/2019,51.88,51.88,51.88,51.88,0.14,+0.27%,687479,2187168
11/25/2019,51.74,51.74,51.74,51.74,0.09,+0.17%,665276,2179500
11/22/2019,51.65,51.65,51.65,51.65,-0.45,-0.86%,796625,2176318
11/21/2019,52.1,52.1,52.1,52.1,0.42,+0.81%,1061370,2159065
11/20/2019,51.68,51.68,51.68,51.68,0.68,+1.33%,1009898,2106120
11/19/2019,51,51,51,51,-0.4,-0.78%,969397,2123596
11/18/2019,51.4,51.4,51.4,51.4,-0.39,-0.75%,758112,2130944
11/15/2019,51.79,51.79,51.79,51.79,0.45,+0.88%,931388,2153857
11/14/2019,51.34,51.34,51.34,51.34,-0.5,-0.96%,1034480,2162959
11/13/2019,51.84,51.84,51.84,51.84,0.18,+0.35%,1046214,2172356
11/12/2019,51.66,51.66,51.66,51.66,0.05,+0.10%,1115670,2151499
11/11/2019,51.61,51.61,51.61,51.61,-0.04,-0.08%,958505,2152338
11/08/2019,51.65,51.65,51.65,51.65,0.26,+0.51%,1151473,2140517
11/07/2019,51.39,51.39,51.39,51.39,0.16,+0.31%,1357338,2127057
11/06/2019,51.23,51.23,51.23,51.23,-0.8,-1.54%,1059450,2097117
11/05/2019,52.03,52.03,52.03,52.03,0.33,+0.64%,756215,2083893
11/04/2019,51.7,51.7,51.7,51.7,-0.47,-0.90%,995793,2070874
11/01/2019,52.17,52.17,52.17,52.17,1.27,+2.50%,868243,2057606
10/31/2019,50.9,50.9,50.9,50.9,0.04,+0.08%,1184928,2047643
10/30/2019,50.86,50.86,50.86,50.86,-0.74,-1.43%,1287548,2033498
10/29/2019,51.6,51.6,51.6,51.6,0.09,+0.17%,826478,2045914
10/28/2019,51.51,51.51,51.51,51.51,-0.4,-0.77%,725567,2049877
10/25/2019,51.91,51.91,51.91,51.91,0.24,+0.46%,707168,2051975
10/24/2019,51.67,51.67,51.67,51.67,0.09,+0.17%,822446,2045803
10/23/2019,51.58,51.58,51.58,51.58,0.4,+0.78%,1054636,2069770
10/22/2019,51.18,51.18,51.18,51.18,-0.01,-0.02%,783318,2075454
10/21/2019,51.19,51.19,51.19,51.19,0.3,+0.59%,841727,2080592
10/18/2019,50.89,50.89,50.89,50.89,-0.18,-0.35%,925158,2091188
10/17/2019,51.07,51.07,51.07,51.07,0.08,+0.16%,1006216,2102841
10/16/2019,50.99,50.99,50.99,50.99,0.2,+0.39%,917550,2133863
10/15/2019,50.79,50.79,50.79,50.79,-0.49,-0.96%,1033832,2136717
10/14/2019,51.28,51.28,51.28,51.28,0.03,+0.06%,880574,2121548
10/11/2019,51.25,51.25,51.25,51.25,0.32,+0.63%,1519501,2126046
10/10/2019,50.93,50.93,50.93,50.93,-0.3,-0.59%,1186116,2110752
10/09/2019,51.23,51.23,51.23,51.23,-0.16,-0.31%,1173961,2120165
10/08/2019,51.39,51.39,51.39,51.39,0.17,+0.33%,1205323,2105717
10/07/2019,51.22,51.22,51.22,51.22,-0.17,-0.33%,1017746,2135674
10/04/2019,51.39,51.39,51.39,51.39,0.76,+1.50%,920148,2150195
10/03/2019,50.63,50.63,50.63,50.63,-0.53,-1.04%,1166883,2132422
10/02/2019,51.16,51.16,51.16,51.16,-0.09,-0.18%,1075124,2108987
10/01/2019,51.25,51.25,51.25,51.25,0.1,+0.20%,1002179,2085676
09/30/2019,51.15,51.15,51.15,51.15,-0.47,-0.91%,830440,2071478
09/27/2019,51.62,51.62,51.62,51.62,-0.18,-0.35%,1062937,2061481
09/26/2019,51.8,51.8,51.8,51.8,0.07,+0.14%,937426,2044953
09/25/2019,51.73,51.73,51.73,51.73,-0.12,-0.23%,870633,2030292
09/24/2019,51.85,51.85,51.85,51.85,-0.68,-1.29%,951186,2048088
09/23/2019,52.53,52.53,52.53,52.53,0.83,+1.61%,817500,2048214
09/20/2019,51.7,51.7,51.7,51.7,0.24,+0.47%,926826,2050085
09/19/2019,51.46,51.46,51.46,51.46,-0.13,-0.25%,1292486,2058358
09/18/2019,51.59,51.59,51.59,51.59,-0.41,-0.79%,1338484,2056396
09/17/2019,52,52,52,52,-0.31,-0.59%,2670543,2073041
09/16/2019,52.31,52.31,52.31,52.31,1.45,+2.85%,3681627,2125121
09/13/2019,50.86,50.86,50.86,50.86,-0.6,-1.17%,1071493,2114089
09/12/2019,51.46,51.46,51.46,51.46,-0.24,-0.46%,1492577,2092716
09/11/2019,51.7,51.7,51.7,51.7,-0.53,-1.01%,1549130,2076864
09/10/2019,52.23,52.23,52.23,52.23,0.1,+0.19%,1316425,2080994
09/09/2019,52.13,52.13,52.13,52.13,0.09,+0.17%,1135302,2082002
09/06/2019,52.04,52.04,52.04,52.04,0.04,+0.08%,1171175,2066092
09/05/2019,52,52,52,52,0.05,+0.10%,1194738,2078708
09/04/2019,51.95,51.95,51.95,51.95,0.82,+1.60%,1136990,2086107
09/03/2019,51.13,51.13,51.13,51.13,0.18,+0.35%,1484335,2082415
08/30/2019,50.95,50.95,50.95,50.95,-1.13,-2.17%,1143095,2062097
08/29/2019,52.08,52.08,52.08,52.08,-0.15,-0.29%,1188643,2051415
08/28/2019,52.23,52.23,52.23,52.23,-0.01,-0.02%,1158098,2017492
08/27/2019,52.24,52.24,52.24,52.24,0.73,+1.42%,890436,2003007
08/26/2019,51.51,51.51,51.51,51.51,-0.09,-0.17%,972288,1991193
08/23/2019,51.6,51.6,51.6,51.6,-0.19,-0.37%,1276851,1977760
08/22/2019,51.79,51.79,51.79,51.79,0.01,+0.02%,976295,1986260
08/21/2019,51.78,51.78,51.78,51.78,0.23,+0.45%,1247910,1981369
08/20/2019,51.55,51.55,51.55,51.55,-0.52,-1.00%,1104505,1997749
08/19/2019,52.07,52.07,52.07,52.07,-0.11,-0.21%,1059863,2017544
08/16/2019,52.18,52.18,52.18,52.18,-0.1,-0.19%,823802,2031139
08/15/2019,52.28,52.28,52.28,52.28,-0.56,-1.06%,1306008,2022692
08/14/2019,52.84,52.84,52.84,52.84,-1.35,-2.49%,1382042,2050948
08/13/2019,54.19,54.19,54.19,54.19,1.52,+2.89%,1595894,2059135
08/12/2019,52.67,52.67,52.67,52.67,-0.1,-0.19%,1368891,2053528
08/09/2019,52.77,52.77,52.77,52.77,0.8,+1.54%,1609295,2058094
08/08/2019,51.97,51.97,51.97,51.97,-0.01,-0.02%,1500220,2057593
08/07/2019,51.98,51.98,51.98,51.98,-0.33,-0.63%,1895422,2057934
08/06/2019,52.31,52.31,52.31,52.31,-0.4,-0.76%,1217095,2070210
08/05/2019,52.71,52.71,52.71,52.71,-0.06,-0.11%,1498915,2049859
08/02/2019,52.77,52.77,52.77,52.77,1.6,+3.13%,1201071,2071247
08/01/2019,51.17,51.17,51.17,51.17,-1.69,-3.20%,1437514,2067584
07/31/2019,52.86,52.86,52.86,52.86,0.11,+0.21%,1046031,2055140
07/30/2019,52.75,52.75,52.75,52.75,0.22,+0.42%,924067,2069072
07/29/2019,52.53,52.53,52.53,52.53,-0.62,-1.17%,772961,2061283
07/26/2019,53.15,53.15,53.15,53.15,0.5,+0.95%,698381,2050154
07/25/2019,52.65,52.65,52.65,52.65,0.29,+0.55%,867711,2058864
07/24/2019,52.36,52.36,52.36,52.36,-0.5,-0.95%,1204770,2055262
07/23/2019,52.86,52.86,52.86,52.86,-0.48,-0.90%,763976,2053433
07/22/2019,53.34,53.34,53.34,53.34,0.38,+0.72%,858408,2045328
07/19/2019,52.96,52.96,52.96,52.96,0.91,+1.75%,1118787,2051374
07/18/2019,52.05,52.05,52.05,52.05,-0.9,-1.70%,1365350,2089232
07/17/2019,52.95,52.95,52.95,52.95,0.34,+0.65%,1300012,2089701
07/16/2019,52.61,52.61,52.61,52.61,-0.86,-1.61%,1387580,2089629
07/15/2019,53.47,53.47,53.47,53.47,-0.31,-0.58%,1017581,2083921
07/12/2019,53.78,53.78,53.78,53.78,-0.55,-1.01%,864497,2075412
07/11/2019,54.33,54.33,54.33,54.33,-0.69,-1.25%,1091899,2048316
07/10/2019,55.02,55.02,55.02,55.02,0.53,+0.97%,1297142,2020749
07/09/2019,54.49,54.49,54.49,54.49,0.53,+0.98%,950688,1999766
07/08/2019,53.96,53.96,53.96,53.96,0.41,+0.77%,850076,2003680
07/05/2019,53.55,53.55,53.55,53.55,-0.3,-0.56%,955290,2014396
07/03/2019,53.85,53.85,53.85,53.85,0.86,+1.62%,969093,2021547
07/02/2019,52.99,52.99,52.99,52.99,-1.,-1.85%,1384150,2031169
07/01/2019,53.99,53.99,53.99,53.99,-0.02,-0.04%,1112588,2028276
06/28/2019,54.01,54.01,54.01,54.01,-0.54,-0.99%,837447,2020929
06/27/2019,54.55,54.55,54.55,54.55,-0.17,-0.31%,863774,2016572
06/26/2019,54.72,54.72,54.72,54.72,0.08,+0.15%,1268823,2011753
06/25/2019,54.64,54.64,54.64,54.64,0.36,+0.66%,1007378,2004961
06/24/2019,54.28,54.28,54.28,54.28,0.4,+0.74%,909601,1996570
06/21/2019,53.88,53.88,53.88,53.88,-0.17,-0.31%,1092909,1997368
06/20/2019,54.05,54.05,54.05,54.05,0.96,+1.81%,1436154,1976996
06/19/2019,53.09,53.09,53.09,53.09,-0.33,-0.62%,1120105,1985353
06/18/2019,53.42,53.42,53.42,53.42,0.95,+1.81%,1162473,2003618
06/17/2019,52.47,52.47,52.47,52.47,-0.14,-0.27%,831373,2006676
06/14/2019,52.61,52.61,52.61,52.61,0.04,+0.08%,968734,2049309
06/13/2019,52.57,52.57,52.57,52.57,0.55,+1.06%,1608220,2062778
06/12/2019,52.02,52.02,52.02,52.02,-1.14,-2.14%,1353694,2062113
06/11/2019,53.16,53.16,53.16,53.16,0.49,+0.93%,1144954,2057046
06/10/2019,52.67,52.67,52.67,52.67,0.41,+0.78%,1095035,2066191
06/07/2019,52.26,52.26,52.26,52.26,0.72,+1.40%,1323484,2090683
06/06/2019,51.54,51.54,51.54,51.54,0.75,+1.48%,1273487,2109204
06/05/2019,50.79,50.79,50.79,50.79,-0.96,-1.86%,1461549,2104404
06/04/2019,51.75,51.75,51.75,51.75,-0.09,-0.17%,1228289,2078407
06/03/2019,51.84,51.84,51.84,51.84,0.45,+0.88%,1418721,2079916
05/31/2019,51.39,51.39,51.39,51.39,-1.16,-2.21%,1571192,2072010
05/30/2019,52.55,52.55,52.55,52.55,-0.99,-1.85%,1268982,2077229
05/29/2019,53.54,53.54,53.54,53.54,-0.11,-0.21%,2082342,2079336
05/28/2019,53.65,53.65,53.65,53.65,0.52,+0.98%,1679669,2102854
05/24/2019,53.13,53.13,53.13,53.13,1.04,+2.00%,1155727,2101395
05/23/2019,52.09,52.09,52.09,52.09,-1.17,-2.20%,1656888,2103109
05/22/2019,53.26,53.26,53.26,53.26,-0.46,-0.86%,1175499,2095696
05/21/2019,53.72,53.72,53.72,53.72,0.12,+0.22%,938344,2083926
05/20/2019,53.6,53.6,53.6,53.6,0.59,+1.11%,1063139,2102736
05/17/2019,53.01,53.01,53.01,53.01,-0.33,-0.62%,1059970,2127892
05/16/2019,53.34,53.34,53.34,53.34,-0.02,-0.04%,1200948,2124290
05/15/2019,53.36,53.36,53.36,53.36,0.16,+0.30%,1323312,2161397
05/14/2019,53.2,53.2,53.2,53.2,0.34,+0.64%,1267153,2153657
05/13/2019,52.86,52.86,52.86,52.86,-0.33,-0.62%,1563125,2147924
05/10/2019,53.19,53.19,53.19,53.19,-0.13,-0.24%,1273795,2136409
05/09/2019,53.32,53.32,53.32,53.32,-0.23,-0.43%,1236836,2146351
05/08/2019,53.55,53.55,53.55,53.55,0.58,+1.09%,1256171,2124980
05/07/2019,52.97,52.97,52.97,52.97,-0.78,-1.45%,1350351,2133539
05/06/2019,53.75,53.75,53.75,53.75,0.42,+0.79%,1082413,2146575
05/03/2019,53.33,53.33,53.33,53.33,-0.1,-0.19%,927569,2139675
05/02/2019,53.43,53.43,53.43,53.43,-0.9,-1.66%,1380674,2154276
05/01/2019,54.33,54.33,54.33,54.33,0.24,+0.44%,981215,2160626
04/30/2019,54.09,54.09,54.09,54.09,0.09,+0.17%,1111895,2144648
04/29/2019,54,54,54,54,-0.05,-0.09%,1082579,2142893
04/26/2019,54.05,54.05,54.05,54.05,-0.25,-0.46%,1418890,2149649
04/25/2019,54.3,54.3,54.3,54.3,-0.27,-0.49%,1008574,2154923
04/24/2019,54.57,54.57,54.57,54.57,0.02,+0.04%,1099565,2150596
04/23/2019,54.55,54.55,54.55,54.55,0.13,+0.24%,1258543,2137215
04/22/2019,54.42,54.42,54.42,54.42,0.07,+0.13%,1521881,2113884
04/18/2019,54.35,54.35,54.35,54.35,-0.18,-0.33%,957757,2094584
04/17/2019,54.53,54.53,54.53,54.53,-0.29,-0.53%,1096573,2108708
04/16/2019,54.82,54.82,54.82,54.82,-0.06,-0.11%,1116178,2092151
04/15/2019,54.88,54.88,54.88,54.88,0.5,+0.92%,1126634,2117614
04/12/2019,54.38,54.38,54.38,54.38,0.52,+0.97%,1280222,2106636
04/11/2019,53.86,53.86,53.86,53.86,0.02,+0.04%,1576014,2078578
04/10/2019,53.84,53.84,53.84,53.84,-0.07,-0.13%,1517939,2062079
04/09/2019,53.91,53.91,53.91,53.91,0.36,+0.67%,1532414,2021814
04/08/2019,53.55,53.55,53.55,53.55,-0.08,-0.15%,1972478,2017901
04/05/2019,53.63,53.63,53.63,53.63,0.12,+0.22%,1310062,2013241
04/04/2019,53.51,53.51,53.51,53.51,0.01,+0.02%,1267316,1997579
04/03/2019,53.5,53.5,53.5,53.5,0.28,+0.53%,1475959,1978334
04/02/2019,53.22,53.22,53.22,53.22,-0.33,-0.62%,1601335,1975009
04/01/2019,53.55,53.55,53.55,53.55,-0.03,-0.06%,1265464,1967926
03/29/2019,53.58,53.58,53.58,53.58,-0.11,-0.20%,1206900,1956908
03/28/2019,53.69,53.69,53.69,53.69,0.26,+0.49%,1022692,1943381
03/27/2019,53.43,53.43,53.43,53.43,-0.21,-0.39%,1176284,1945815
03/26/2019,53.64,53.64,53.64,53.64,-0.22,-0.41%,1351980,1968511
03/25/2019,53.86,53.86,53.86,53.86,0.07,+0.13%,1149605,1972283
03/22/2019,53.79,53.79,53.79,53.79,-0.35,-0.65%,1140959,1952971
03/21/2019,54.14,54.14,54.14,54.14,-0.27,-0.50%,1086808,1951375
03/20/2019,54.41,54.41,54.41,54.41,-0.21,-0.38%,1419070,1947800
03/19/2019,54.62,54.62,54.62,54.62,-0.01,-0.02%,1054232,1962559
03/18/2019,54.63,54.63,54.63,54.63,0.14,+0.26%,1127002,1994425
03/15/2019,54.49,54.49,54.49,54.49,0.18,+0.33%,1070126,2015194
03/14/2019,54.31,54.31,54.31,54.31,-0.18,-0.33%,1205716,2025362
03/13/2019,54.49,54.49,54.49,54.49,0.36,+0.67%,1333030,2032080
03/12/2019,54.13,54.13,54.13,54.13,0.1,+0.19%,1194748,2012864
03/11/2019,54.03,54.03,54.03,54.03,0.08,+0.15%,1039660,2015540
03/08/2019,53.95,53.95,53.95,53.95,-0.31,-0.57%,1317067,2007023
03/07/2019,54.26,54.26,54.26,54.26,0.04,+0.07%,1060757,2048546
03/06/2019,54.22,54.22,54.22,54.22,-0.05,-0.09%,1060865,2069655
03/05/2019,54.27,54.27,54.27,54.27,-0.01,-0.02%,828267,2067851
03/04/2019,54.28,54.28,54.28,54.28,0.99,+1.86%,867682,2060326
03/01/2019,53.29,53.29,53.29,53.29,-0.88,-1.62%,1078029,2059647
02/28/2019,54.17,54.17,54.17,54.17,-0.11,-0.20%,809464,2057197
02/27/2019,54.28,54.28,54.28,54.28,0.39,+0.72%,960684,2051525
02/26/2019,53.89,53.89,53.89,53.89,0.18,+0.34%,821768,2025884
02/25/2019,53.71,53.71,53.71,53.71,-0.65,-1.20%,1147647,2028514
02/22/2019,54.36,54.36,54.36,54.36,-0.29,-0.53%,990352,2025684
02/21/2019,54.65,54.65,54.65,54.65,-0.04,-0.07%,973558,2002312
02/20/2019,54.69,54.69,54.69,54.69,0.04,+0.07%,1222195,2005818
02/19/2019,54.65,54.65,54.65,54.65,0.58,+1.07%,1364120,2019218
02/15/2019,54.07,54.07,54.07,54.07,0.27,+0.50%,1241778,2046033
02/14/2019,53.8,53.8,53.8,53.8,0,0.00%,1400012,2034307
02/13/2019,53.8,53.8,53.8,53.8,0.58,+1.09%,1508175,2074304
02/12/2019,53.22,53.22,53.22,53.22,0.19,+0.36%,1383913,2077398
02/11/2019,53.03,53.03,53.03,53.03,0.17,+0.32%,1506580,2050214
02/08/2019,52.86,52.86,52.86,52.86,-0.05,-0.09%,1226051,2025983
02/07/2019,52.91,52.91,52.91,52.91,-0.48,-0.90%,1496348,2049807
02/06/2019,53.39,53.39,53.39,53.39,-0.35,-0.65%,1138401,2060606
02/05/2019,53.74,53.74,53.74,53.74,-0.33,-0.61%,1142673,2057061
02/04/2019,54.07,54.07,54.07,54.07,-0.2,-0.37%,1175544,2069905
02/01/2019,54.27,54.27,54.27,54.27,1.21,+2.28%,1151364,2073507
01/31/2019,53.06,53.06,53.06,53.06,-0.57,-1.06%,1446565,2060615
01/30/2019,53.63,53.63,53.63,53.63,-0.4,-0.74%,1373586,2052410
01/29/2019,54.03,54.03,54.03,54.03,0.39,+0.73%,986477,2042018
01/28/2019,53.64,53.64,53.64,53.64,-0.28,-0.52%,1022248,2045964
01/25/2019,53.92,53.92,53.92,53.92,0.12,+0.22%,930676,2038176
01/24/2019,53.8,53.8,53.8,53.8,0.05,+0.09%,1151359,2034092
01/23/2019,53.75,53.75,53.75,53.75,-0.02,-0.04%,1025450,2049475
01/22/2019,53.77,53.77,53.77,53.77,0.5,+0.94%,1319074,2045566
01/18/2019,53.27,53.27,53.27,53.27,-0.79,-1.46%,1321981,2062962
01/17/2019,54.06,54.06,54.06,54.06,-0.74,-1.35%,1150949,2076633
01/16/2019,54.8,54.8,54.8,54.8,0.32,+0.59%,1264992,2073277
01/15/2019,54.48,54.48,54.48,54.48,0.58,+1.08%,1170314,2103777
01/14/2019,53.9,53.9,53.9,53.9,-0.49,-0.90%,1272605,2096812
01/11/2019,54.39,54.39,54.39,54.39,-0.98,-1.77%,1250007,2091430
01/10/2019,55.37,55.37,55.37,55.37,-0.31,-0.56%,1429410,2101230
01/09/2019,55.68,55.68,55.68,55.68,0.96,+1.75%,1556425,2102030
01/08/2019,54.72,54.72,54.72,54.72,0.91,+1.69%,1308202,2120930
01/07/2019,53.81,53.81,53.81,53.81,-0.19,-0.35%,1256535,2141112
01/04/2019,54,54,54,54,0.21,+0.39%,1238042,2124927
01/03/2019,53.79,53.79,53.79,53.79,0.28,+0.52%,1170218,2131963
01/02/2019,53.51,53.51,53.51,53.51,0.79,+1.50%,1274104,2126286
12/31/2018,52.72,52.72,52.72,52.72,1.01,+1.95%,730436,2104675
12/28/2018,51.71,51.71,51.71,51.71,-0.18,-0.35%,870700,2109445
12/27/2018,51.89,51.89,51.89,51.89,-1.56,-2.92%,941155,2080681
12/26/2018,53.45,53.45,53.45,53.45,2.68,+5.28%,1026362,2090392
12/24/2018,50.77,50.77,50.77,50.77,-0.64,-1.24%,626051,2073992
12/21/2018,51.41,51.41,51.41,51.41,0.24,+0.47%,1106154,2056659
12/20/2018,51.17,51.17,51.17,51.17,-0.43,-0.83%,1140822,2045690
12/19/2018,51.6,51.6,51.6,51.6,1.01,+2.00%,1164299,2032696
12/18/2018,50.59,50.59,50.59,50.59,-1.61,-3.08%,1471013,2063376
12/17/2018,52.2,52.2,52.2,52.2,0.17,+0.33%,1124822,2074447
12/14/2018,52.03,52.03,52.03,52.03,-0.5,-0.95%,1048666,2064408
12/13/2018,52.53,52.53,52.53,52.53,0.71,+1.37%,1395465,2088384
12/12/2018,51.82,51.82,51.82,51.82,0.15,+0.29%,1330725,2059589
12/11/2018,51.67,51.67,51.67,51.67,0.12,+0.23%,1213221,2050634
12/10/2018,51.55,51.55,51.55,51.55,-1.2,-2.27%,1205227,2054066
12/07/2018,52.75,52.75,52.75,52.75,-0.44,-0.83%,1621654,2063691
12/06/2018,53.19,53.19,53.19,53.19,-0.6,-1.12%,1455656,2056566
12/05/2018,53.79,53.79,53.79,53.79,-0.3,-0.55%,964537,2048577
12/04/2018,54.09,54.09,54.09,54.09,0.22,+0.41%,1231644,2048735
12/03/2018,53.87,53.87,53.87,53.87,1.26,+2.39%,1202924,2037609
11/30/2018,52.61,52.61,52.61,52.61,-1.52,-2.81%,1152202,2046537
11/29/2018,54.13,54.13,54.13,54.13,0.35,+0.65%,1136360,2037138
11/28/2018,53.78,53.78,53.78,53.78,0.17,+0.32%,1178564,2031536
11/27/2018,53.61,53.61,53.61,53.61,0.73,+1.38%,1032388,2020092
11/26/2018,52.88,52.88,52.88,52.88,0.5,+0.95%,935515,2015783
11/23/2018,52.38,52.38,52.38,52.38,-1.59,-2.95%,1395342,2016420
11/21/2018,53.97,53.97,53.97,53.97,0.87,+1.64%,1175520,1992533
11/20/2018,53.1,53.1,53.1,53.1,-3.2,-5.68%,1574818,1995402
11/19/2018,56.3,56.3,56.3,56.3,0.19,+0.34%,1122593,1972703
11/16/2018,56.11,56.11,56.11,56.11,-0.3,-0.53%,1158501,1997219
11/15/2018,56.41,56.41,56.41,56.41,-1.44,-2.49%,1171675,2026511
11/14/2018,57.85,57.85,57.85,57.85,0.43,+0.75%,1691177,2032833
11/13/2018,57.42,57.42,57.42,57.42,-1.5,-2.55%,2073275,2110793
11/12/2018,58.92,58.92,58.92,58.92,-0.13,-0.22%,1449582,2086941
11/09/2018,59.05,59.05,59.05,59.05,-0.2,-0.34%,1548001,2084493
11/08/2018,59.25,59.25,59.25,59.25,-0.31,-0.52%,1467201,2089503
11/07/2018,59.56,59.56,59.56,59.56,2.88,+5.08%,1643336,2084920
11/06/2018,56.68,56.68,56.68,56.68,0.71,+1.27%,1270630,2075239
11/05/2018,55.97,55.97,55.97,55.97,0.52,+0.94%,985717,2062469
11/02/2018,55.45,55.45,55.45,55.45,0.48,+0.87%,1102881,2080853
11/01/2018,54.97,54.97,54.97,54.97,-1.3,-2.31%,1271150,2079404
10/31/2018,56.27,56.27,56.27,56.27,-0.38,-0.67%,1014215,2082032
10/30/2018,56.65,56.65,56.65,56.65,-1.01,-1.75%,942048,2093055
10/29/2018,57.66,57.66,57.66,57.66,0.37,+0.65%,700745,2098158
10/26/2018,57.29,57.29,57.29,57.29,0.81,+1.43%,882483,2102836
10/25/2018,56.48,56.48,56.48,56.48,0.03,+0.05%,886529,2110990
10/24/2018,56.45,56.45,56.45,56.45,-0.02,-0.04%,1170142,2125059
10/23/2018,56.47,56.47,56.47,56.47,-0.53,-0.93%,1300668,2128679
10/22/2018,57,57,57,57,1.28,+2.30%,902839,2153981
10/19/2018,55.72,55.72,55.72,55.72,0.39,+0.70%,936986,2171622
10/18/2018,55.33,55.33,55.33,55.33,-0.16,-0.29%,1131570,2198650
10/17/2018,55.49,55.49,55.49,55.49,-0.49,-0.88%,1458202,2194157
10/16/2018,55.98,55.98,55.98,55.98,0.05,+0.09%,1019852,2218887
10/15/2018,55.93,55.93,55.93,55.93,-0.91,-1.60%,1032240,2220512
10/12/2018,56.84,56.84,56.84,56.84,-0.43,-0.75%,1121328,2223244
10/11/2018,57.27,57.27,57.27,57.27,-1.29,-2.20%,1390392,2232297
10/10/2018,58.56,58.56,58.56,58.56,-1.51,-2.51%,1227571,2224667
10/09/2018,60.07,60.07,60.07,60.07,0.53,+0.89%,1119679,2217171
10/08/2018,59.54,59.54,59.54,59.54,-0.02,-0.03%,967741,2210206
10/05/2018,59.56,59.56,59.56,59.56,0.33,+0.56%,1092867,2222028
10/04/2018,59.23,59.23,59.23,59.23,-1.23,-2.03%,1214659,2225180
10/03/2018,60.46,60.46,60.46,60.46,1.24,+2.09%,1162166,2258199
10/02/2018,59.22,59.22,59.22,59.22,0.03,+0.05%,799540,2245589
10/01/2018,59.19,59.19,59.19,59.19,0.97,+1.67%,1004064,2244570
09/28/2018,58.22,58.22,58.22,58.22,0.44,+0.76%,967295,2244372
09/27/2018,57.78,57.78,57.78,57.78,0.35,+0.61%,698986,2231542
09/26/2018,57.43,57.43,57.43,57.43,-0.29,-0.50%,767346,2232077
09/25/2018,57.72,57.72,57.72,57.72,0.47,+0.82%,948276,2225779
09/24/2018,57.25,57.25,57.25,57.25,0.46,+0.81%,1017434,2215536
09/21/2018,56.79,56.79,56.79,56.79,-0.02,-0.04%,1669502,2206196
09/20/2018,56.81,56.81,56.81,56.81,-0.2,-0.35%,1055911,2207519
09/19/2018,57.01,57.01,57.01,57.01,0.08,+0.14%,1122341,2208500
09/18/2018,56.93,56.93,56.93,56.93,0.02,+0.04%,1096199,2228937
09/17/2018,56.91,56.91,56.91,56.91,0.31,+0.55%,897113,2220999
09/14/2018,56.6,56.6,56.6,56.6,0.43,+0.77%,1130199,2243940
09/13/2018,56.17,56.17,56.17,56.17,-0.62,-1.09%,1350242,2241995
09/12/2018,56.79,56.79,56.79,56.79,0.65,+1.16%,1767135,2266415
09/11/2018,56.14,56.14,56.14,56.14,0.63,+1.13%,1370875,2281869
09/10/2018,55.51,55.51,55.51,55.51,0.03,+0.05%,1065720,2267052
09/07/2018,55.48,55.48,55.48,55.48,0.06,+0.11%,944300,2272883
09/06/2018,55.42,55.42,55.42,55.42,-0.42,-0.75%,1047216,2288220
09/05/2018,55.84,55.84,55.84,55.84,-0.47,-0.83%,879677,2303904
09/04/2018,56.31,56.31,56.31,56.31,0.21,+0.37%,1288941,2303047
08/31/2018,56.1,56.1,56.1,56.1,-0.45,-0.80%,673766,2290552
08/30/2018,56.55,56.55,56.55,56.55,-0.15,-0.26%,764920,2286740
08/29/2018,56.7,56.7,56.7,56.7,0.08,+0.14%,749641,2269778
08/28/2018,56.62,56.62,56.62,56.62,-0.13,-0.23%,694381,2240977
08/27/2018,56.75,56.75,56.75,56.75,0.14,+0.25%,511899,2236069
08/24/2018,56.61,56.61,56.61,56.61,0.33,+0.59%,847210,2245372
08/23/2018,56.28,56.28,56.28,56.28,0.09,+0.16%,714946,2233970
08/22/2018,56.19,56.19,56.19,56.19,0.91,+1.65%,871270,2241974
08/21/2018,55.28,55.28,55.28,55.28,-0.13,-0.23%,655941,2231542
08/20/2018,55.41,55.41,55.41,55.41,-0.06,-0.11%,869004,2240175
08/17/2018,55.47,55.47,55.47,55.47,0.25,+0.45%,634987,2252898
08/16/2018,55.22,55.22,55.22,55.22,0.25,+0.45%,855267,2270912
08/15/2018,54.97,54.97,54.97,54.97,-0.37,-0.67%,1222178,2309208
08/14/2018,55.34,55.34,55.34,55.34,0.54,+0.99%,965951,2329989
08/13/2018,54.8,54.8,54.8,54.8,-0.23,-0.42%,1109262,2324321
08/10/2018,55.03,55.03,55.03,55.03,-0.12,-0.22%,977582,2309923
08/09/2018,55.15,55.15,55.15,55.15,0.31,+0.57%,932938,2308112
08/08/2018,54.84,54.84,54.84,54.84,-1.14,-2.04%,1375698,2305518
08/07/2018,55.98,55.98,55.98,55.98,0.58,+1.05%,883863,2342575
08/06/2018,55.4,55.4,55.4,55.4,0.36,+0.65%,781648,2363744
08/03/2018,55.04,55.04,55.04,55.04,0.2,+0.36%,704097,2362988
08/02/2018,54.84,54.84,54.84,54.84,0.39,+0.72%,886032,2372039
08/01/2018,54.45,54.45,54.45,54.45,-0.69,-1.25%,951421,2349602
07/31/2018,55.14,55.14,55.14,55.14,-0.29,-0.52%,830037,2349169
07/30/2018,55.43,55.43,55.43,55.43,-0.03,-0.05%,733083,2357548
07/27/2018,55.46,55.46,55.46,55.46,-0.48,-0.86%,773242,2343341
07/26/2018,55.94,55.94,55.94,55.94,0.27,+0.49%,763637,2357096
07/25/2018,55.67,55.67,55.67,55.67,0.3,+0.54%,973776,2364862
07/24/2018,55.37,55.37,55.37,55.37,0.62,+1.13%,819939,2361062
07/23/2018,54.75,54.75,54.75,54.75,0.98,+1.82%,936812,2363581
07/20/2018,53.77,53.77,53.77,53.77,0.1,+0.19%,766868,2376665
07/19/2018,53.67,53.67,53.67,53.67,0.09,+0.17%,1199755,2374203
07/18/2018,53.58,53.58,53.58,53.58,0.63,+1.19%,950548,2409221
07/17/2018,52.95,52.95,52.95,52.95,0.36,+0.68%,1214119,2440486
07/16/2018,52.59,52.59,52.59,52.59,-1.55,-2.86%,1227236,2490270
07/13/2018,54.14,54.14,54.14,54.14,-0.42,-0.77%,1144209,2482858
07/12/2018,54.56,54.56,54.56,54.56,0.75,+1.39%,1582093,2465474
07/11/2018,53.81,53.81,53.81,53.81,-0.93,-1.70%,1706010,2513828
07/10/2018,54.74,54.74,54.74,54.74,-0.13,-0.24%,1162348,2499172
07/09/2018,54.87,54.87,54.87,54.87,0.06,+0.11%,1041523,2489778
07/06/2018,54.81,54.81,54.81,54.81,0.29,+0.53%,1071992,2480588
07/05/2018,54.52,54.52,54.52,54.52,0.54,+1.00%,1520066,2464057
07/03/2018,53.98,53.98,53.98,53.98,-0.18,-0.33%,1342167,2466531
07/02/2018,54.16,54.16,54.16,54.16,-0.13,-0.24%,1271210,2478333
06/29/2018,54.29,54.29,54.29,54.29,-0.46,-0.84%,1099616,2491138
06/28/2018,54.75,54.75,54.75,54.75,-0.55,-0.99%,1355392,2479039
06/27/2018,55.3,55.3,55.3,55.3,0.01,+0.02%,1487664,2467781
06/26/2018,55.29,55.29,55.29,55.29,0.88,+1.62%,1483778,2423829
06/25/2018,54.41,54.41,54.41,54.41,0.09,+0.17%,1599731,2403349
06/22/2018,54.32,54.32,54.32,54.32,1.11,+2.09%,2432185,2419733
06/21/2018,53.21,53.21,53.21,53.21,-0.19,-0.36%,1551989,2451560
06/20/2018,53.4,53.4,53.4,53.4,-0.05,-0.09%,1283279,2459918
06/19/2018,53.45,53.45,53.45,53.45,-0.3,-0.56%,1032631,2458404
06/18/2018,53.75,53.75,53.75,53.75,0.78,+1.47%,1130222,2508601
06/15/2018,52.97,52.97,52.97,52.97,-1.37,-2.52%,1389982,2536480
06/14/2018,54.34,54.34,54.34,54.34,-1.09,-1.97%,1139190,2548321
06/13/2018,55.43,55.43,55.43,55.43,1.07,+1.97%,1277061,2538936
06/12/2018,54.36,54.36,54.36,54.36,-0.2,-0.37%,1035204,2524439
06/11/2018,54.56,54.56,54.56,54.56,0.28,+0.52%,1030054,2521984
06/08/2018,54.28,54.28,54.28,54.28,0.23,+0.43%,1142430,2520940
06/07/2018,54.05,54.05,54.05,54.05,0.56,+1.05%,1413631,2551692
06/06/2018,53.49,53.49,53.49,53.49,-0.4,-0.74%,1262640,2545587
06/05/2018,53.89,53.89,53.89,53.89,0.08,+0.15%,1394281,2546827
06/04/2018,53.81,53.81,53.81,53.81,-0.4,-0.74%,1349394,2539191
06/01/2018,54.21,54.21,54.21,54.21,1.03,+1.94%,1656602,2587923
05/31/2018,53.18,53.18,53.18,53.18,0.08,+0.15%,1705457,2625957
05/30/2018,53.1,53.1,53.1,53.1,0.3,+0.57%,1261490,2638610
05/29/2018,52.8,52.8,52.8,52.8,0.02,+0.04%,1694846,2620926
05/25/2018,52.78,52.78,52.78,52.78,-0.96,-1.79%,1709587,2632315
05/24/2018,53.74,53.74,53.74,53.74,-0.23,-0.43%,1069556,2655091
05/23/2018,53.97,53.97,53.97,53.97,-0.55,-1.01%,1252046,2641141
05/22/2018,54.52,54.52,54.52,54.52,-0.27,-0.49%,1292386,2638408
05/21/2018,54.79,54.79,54.79,54.79,0.54,+1.00%,1099397,2641241
05/18/2018,54.25,54.25,54.25,54.25,0.19,+0.35%,1089706,2658315
05/17/2018,54.06,54.06,54.06,54.06,0.62,+1.16%,1531313,2659819
05/16/2018,53.44,53.44,53.44,53.44,-0.06,-0.11%,1327746,2713986
05/15/2018,53.5,53.5,53.5,53.5,0.47,+0.89%,1805032,2706454
05/14/2018,53.03,53.03,53.03,53.03,0.33,+0.63%,1215405,2680287
05/11/2018,52.7,52.7,52.7,52.7,0.19,+0.36%,1255825,2706686
05/10/2018,52.51,52.51,52.51,52.51,0.35,+0.67%,1345300,2694428
05/09/2018,52.16,52.16,52.16,52.16,0.98,+1.91%,1663486,2676256
05/08/2018,51.18,51.18,51.18,51.18,-0.46,-0.89%,2115382,2658229
05/07/2018,51.64,51.64,51.64,51.64,0.33,+0.64%,1386945,2686536
05/04/2018,51.31,51.31,51.31,51.31,0.67,+1.32%,1202307,2695178
05/03/2018,50.64,50.64,50.64,50.64,0.45,+0.90%,1268094,2679593
05/02/2018,50.19,50.19,50.19,50.19,-0.05,-0.10%,1433058,2643779
05/01/2018,50.24,50.24,50.24,50.24,-0.29,-0.57%,1194404,2621768
04/30/2018,50.53,50.53,50.53,50.53,0.16,+0.32%,1388909,2635063
04/27/2018,50.37,50.37,50.37,50.37,-0.34,-0.67%,927582,2638303
04/26/2018,50.71,50.71,50.71,50.71,0.03,+0.06%,1197794,2630989
04/25/2018,50.68,50.68,50.68,50.68,0.06,+0.12%,1274381,2597874
04/24/2018,50.62,50.62,50.62,50.62,-0.44,-0.86%,1478857,2574820
04/23/2018,51.06,51.06,51.06,51.06,0.33,+0.65%,1384486,2564936
04/20/2018,50.73,50.73,50.73,50.73,-0.01,-0.02%,1116135,2562051
04/19/2018,50.74,50.74,50.74,50.74,0.18,+0.36%,1519806,2598362
04/18/2018,50.56,50.56,50.56,50.56,-0.09,-0.18%,1478871,2616362
04/17/2018,50.65,50.65,50.65,50.65,-0.05,-0.10%,1314171,2596578
04/16/2018,50.7,50.7,50.7,50.7,-0.03,-0.06%,1266169,2605000
04/13/2018,50.73,50.73,50.73,50.73,-0.07,-0.14%,1378834,2609563
04/12/2018,50.8,50.8,50.8,50.8,-0.33,-0.65%,1370398,2565785
04/11/2018,51.13,51.13,51.13,51.13,0.3,+0.59%,2093741,2534391
04/10/2018,50.83,50.83,50.83,50.83,0.29,+0.57%,1788317,2480033
04/09/2018,50.54,50.54,50.54,50.54,0.15,+0.30%,1279932,2469396
04/06/2018,50.39,50.39,50.39,50.39,-0.7,-1.37%,1466267,2499221
04/05/2018,51.09,51.09,51.09,51.09,0.15,+0.29%,1077685,2522714
04/04/2018,50.94,50.94,50.94,50.94,-0.03,-0.06%,1319181,2542709
04/03/2018,50.97,50.97,50.97,50.97,0.38,+0.75%,880962,2547337
04/02/2018,50.59,50.59,50.59,50.59,-0.94,-1.82%,940753,2532289
03/29/2018,51.53,51.53,51.53,51.53,-0.22,-0.43%,961850,2521210
03/28/2018,51.75,51.75,51.75,51.75,-0.02,-0.04%,1156249,2509804
03/27/2018,51.77,51.77,51.77,51.77,0,0.00%,1132857,2513575
03/26/2018,51.77,51.77,51.77,51.77,-0.19,-0.37%,927759,2483359
03/23/2018,51.96,51.96,51.96,51.96,0.41,+0.80%,1271363,2469551
03/22/2018,51.55,51.55,51.55,51.55,-0.39,-0.75%,1281737,2436690
03/21/2018,51.94,51.94,51.94,51.94,0.71,+1.39%,1394054,2436499
03/20/2018,51.23,51.23,51.23,51.23,0.16,+0.31%,1126655,2386095
03/19/2018,51.07,51.07,51.07,51.07,-0.41,-0.80%,911452,2376271
03/16/2018,51.48,51.48,51.48,51.48,-0.02,-0.04%,934479,2401800
03/15/2018,51.5,51.5,51.5,51.5,-0.21,-0.41%,983322,2381898
03/14/2018,51.71,51.71,51.71,51.71,0.14,+0.27%,1250355,2401740
03/13/2018,51.57,51.57,51.57,51.57,-0.11,-0.21%,1480803,2403162
03/12/2018,51.68,51.68,51.68,51.68,-0.1,-0.19%,1024381,2428425
03/09/2018,51.78,51.78,51.78,51.78,0.97,+1.91%,1420169,2432754
03/08/2018,50.81,50.81,50.81,50.81,0.01,+0.02%,1615637,2446518
03/07/2018,50.8,50.8,50.8,50.8,-0.6,-1.17%,1558043,2461343
03/06/2018,51.4,51.4,51.4,51.4,0.07,+0.14%,1120554,2451492
03/05/2018,51.33,51.33,51.33,51.33,0.73,+1.44%,977010,2469014
03/02/2018,50.6,50.6,50.6,50.6,0.03,+0.06%,1040814,2457804
03/01/2018,50.57,50.57,50.57,50.57,-0.31,-0.61%,1395837,2468735
02/28/2018,50.88,50.88,50.88,50.88,-1.54,-2.94%,1349655,2462234
02/27/2018,52.42,52.42,52.42,52.42,-0.39,-0.74%,957971,2460214
02/26/2018,52.81,52.81,52.81,52.81,0.61,+1.17%,810920,2453610
02/23/2018,52.2,52.2,52.2,52.2,0.79,+1.54%,900749,2434008
02/22/2018,51.41,51.41,51.41,51.41,0.14,+0.27%,1096895,2430049
02/21/2018,51.27,51.27,51.27,51.27,0.04,+0.08%,813882,2425517
02/20/2018,51.23,51.23,51.23,51.23,0.6,+1.19%,1339441,2430562
02/16/2018,50.63,50.63,50.63,50.63,0.29,+0.58%,1147661,2421110
02/15/2018,50.34,50.34,50.34,50.34,-0.06,-0.12%,1515184,2477064
02/14/2018,50.4,50.4,50.4,50.4,-0.01,-0.02%,1612908,2520377
02/13/2018,50.41,50.41,50.41,50.41,0.69,+1.39%,1253615,2530604
02/12/2018,49.72,49.72,49.72,49.72,0.23,+0.46%,1455165,2518019
02/09/2018,49.49,49.49,49.49,49.49,-0.54,-1.08%,1764311,2524015
02/08/2018,50.03,50.03,50.03,50.03,0.03,+0.06%,1866093,2543617
02/07/2018,50,50,50,50,-0.72,-1.42%,2015703,2550513
02/06/2018,50.72,50.72,50.72,50.72,-0.25,-0.49%,1495610,2589270
02/05/2018,50.97,50.97,50.97,50.97,-0.34,-0.66%,1980123,2587299
02/02/2018,51.31,51.31,51.31,51.31,-0.96,-1.84%,1954071,2637021
02/01/2018,52.27,52.27,52.27,52.27,-0.01,-0.02%,1402838,2680530
01/31/2018,52.28,52.28,52.28,52.28,-0.19,-0.36%,1158182,2648774
01/30/2018,52.47,52.47,52.47,52.47,-0.62,-1.17%,1286493,2643683
01/29/2018,53.09,53.09,53.09,53.09,-0.37,-0.69%,1206995,2644526
01/26/2018,53.46,53.46,53.46,53.46,-0.11,-0.21%,1333316,2648090
01/25/2018,53.57,53.57,53.57,53.57,0.18,+0.34%,1596241,2632514
01/24/2018,53.39,53.39,53.39,53.39,-0.54,-1.00%,1798089,2655181
01/23/2018,53.93,53.93,53.93,53.93,0.22,+0.41%,1100502,2587735
"Downloaded from Barchart.com as of 04-24-2024 05:45pm CDT"
