Time,Open,High,Low,Last,Change,%Chg,Volume
04/24/2024,81.05,81.23,80.12,80.84,0.05,+0.06%,6196600
04/23/2024,80.07,81.075,79.98,80.79,1.21,+1.52%,5068000
04/22/2024,80.02,80.22,78.95,79.58,0.11,+0.14%,5458300
04/19/2024,80.17,80.2,78.89,79.47,-0.88,-1.10%,6854600
04/18/2024,80.24,81.01,80.13,80.35,0.39,+0.49%,4539400
04/17/2024,80.58,80.64,79.52,79.96,-0.07,-0.09%,4862300
04/16/2024,80.07,80.48,79.825,80.03,-0.27,-0.34%,7501000
04/15/2024,81.99,82.09,80.09,80.3,-1.03,-1.27%,6494600
04/12/2024,82.15,82.32,81.2,81.33,-1.36,-1.64%,5997200
04/11/2024,82.3,82.935,81.8,82.69,0.72,+0.88%,4073100
04/10/2024,81.83,82.12,81.58,81.97,-0.65,-0.79%,6845300
04/09/2024,82.74,83.19,82.12,82.62,0.09,+0.11%,4733000
04/08/2024,82.65,82.98,82.45,82.53,0.01,+0.01%,3503000
04/05/2024,81.85,82.91,81.69,82.52,0.83,+1.02%,6619500
04/04/2024,83.19,83.585,81.66,81.69,-1.12,-1.35%,8000400
04/03/2024,82.1,82.88,82.03,82.81,0.65,+0.79%,5158000
04/02/2024,81.58,82.22,81.4,82.16,-0.13,-0.16%,5271100
04/01/2024,81.55,82.3199,81.36,82.29,0.63,+0.77%,5290800
03/28/2024,81.77,81.9,81.51,81.66,-0.13,-0.16%,5294700
03/27/2024,81.75,81.86,81.13,81.79,0.42,+0.52%,4177700
03/26/2024,81.69,82.015,81.27,81.37,-0.17,-0.21%,5441600
03/25/2024,81.59,81.64,81.11,81.54,-0.28,-0.34%,3732400
03/22/2024,81.86,82.16,81.67,81.82,0.17,+0.21%,3214300
03/21/2024,82.25,82.25,81.59,81.65,0.03,+0.04%,5377200
03/20/2024,80.81,81.78,80.55,81.62,0.95,+1.18%,4432600
03/19/2024,80.39,80.74,79.97,80.67,-0.03,-0.04%,4777100
03/18/2024,80.56,81.0087,80.45,80.7,1.624,+2.05%,5360600
03/15/2024,79.5348,79.9237,78.9164,79.076,-0.7978,-1.00%,8188300
03/14/2024,80.3226,80.3825,79.4151,79.8738,-0.1895,-0.24%,7229816
03/13/2024,79.8938,80.4523,79.8539,80.0633,0.1396,+0.17%,5511476
03/12/2024,79.6146,80.203,79.1857,79.9237,0.6981,+0.88%,7425141
03/11/2024,79.076,79.5946,78.6123,79.2256,-0.1496,-0.19%,6952965
03/08/2024,79.6146,80.5171,78.9763,79.3752,-0.1197,-0.15%,8733570
03/07/2024,78.8367,79.7143,78.6671,79.4949,1.2666,+1.62%,6477880
03/06/2024,78.7469,78.8566,77.974,78.2283,0.1097,+0.14%,6851691
03/05/2024,78.2283,78.4776,77.8593,78.1186,-0.6383,-0.81%,7623274
03/04/2024,79.6245,79.6744,78.6521,78.7569,-1.0471,-1.31%,7185189
03/01/2024,79.2057,80.0783,79.2007,79.804,0.6582,+0.83%,5844676
02/29/2024,78.9563,79.3951,78.4477,79.1458,0.6981,+0.89%,6792533
02/28/2024,78.5574,78.7469,78.2682,78.4477,-0.5385,-0.68%,3784815
02/27/2024,78.3978,78.9962,78.2881,78.9862,0.6382,+0.81%,4514587
02/26/2024,79.1857,79.2854,78.318,78.348,-1.1568,-1.46%,7893901
02/23/2024,79.6345,80.0185,79.3503,79.5048,-0.1995,-0.25%,7347233
02/22/2024,79.445,79.9397,78.9364,79.7043,1.1768,+1.50%,7127937
02/21/2024,78.3679,78.5773,78.0239,78.5275,-0.0897,-0.11%,6159422
02/20/2024,78.318,78.8765,78.2782,78.6172,-0.1197,-0.15%,8052337
02/16/2024,79.5447,79.6245,78.6472,78.7369,-1.2466,-1.56%,7055643
02/15/2024,79.1059,80.203,78.9563,79.9835,0.6482,+0.82%,6690661
02/14/2024,78.8666,79.3552,78.4178,79.3353,1.2466,+1.60%,7364577
02/13/2024,77.979,78.5275,77.7097,78.0887,-1.117,-1.41%,8045511
02/12/2024,78.9065,79.9736,78.8666,79.2057,0.2494,+0.32%,4296793
02/09/2024,78.9464,79.2007,78.6481,78.9563,0.0897,+0.11%,7645136
02/08/2024,79.076,79.086,78.5474,78.8666,0.2992,+0.38%,4279247
02/07/2024,78.5375,78.8267,78.3804,78.5674,0.3989,+0.51%,5996181
02/06/2024,78.8167,79.0062,78.0239,78.1685,-0.2393,-0.31%,6756531
02/05/2024,79.076,79.3652,78.3779,78.4078,-1.117,-1.40%,7907543
02/02/2024,78.8566,79.9985,78.0887,79.5248,3.0717,+4.02%,12004296
02/01/2024,76.3633,76.7722,76.119,76.4531,0.7779,+1.03%,6925792
01/31/2024,76.134,76.7423,75.6353,75.6752,-1.9148,-2.47%,9361666
01/30/2024,77.9291,78.1485,77.5501,77.59,-0.5286,-0.68%,4609342
01/29/2024,77.4305,78.1784,77.1632,78.1186,0.6483,+0.84%,4076401
01/26/2024,77.1113,77.7745,77.0914,77.4703,0.2493,+0.32%,4730871
01/25/2024,76.3334,77.221,76.104,77.221,1.2366,+1.63%,6174666
01/24/2024,76.2836,76.7124,75.9189,75.9844,0.4688,+0.62%,7010017
01/23/2024,75.3361,75.5546,75.1516,75.5156,0.738,+0.99%,4676122
01/22/2024,75.007,75.4558,74.7377,74.7776,0.1496,+0.20%,5709813
01/19/2024,73.9997,74.6729,73.7105,74.628,0.9973,+1.35%,6464149
01/18/2024,72.8728,73.6806,72.8728,73.6307,0.8876,+1.22%,6437678
01/17/2024,72.7531,72.8229,72.1248,72.7431,-0.4488,-0.61%,6579561
01/16/2024,73.3016,73.541,72.9376,73.1919,-0.4189,-0.57%,6382728
01/12/2024,73.551,73.91,73.4512,73.6108,0.359,+0.49%,3872852
01/11/2024,73.8003,73.8103,72.6135,73.2518,-0.2393,-0.33%,6981639
01/10/2024,72.9626,73.7768,72.8528,73.4911,0.6781,+0.93%,7254481
01/09/2024,72.6135,73.0623,72.4739,72.813,-0.1496,-0.21%,3542558
01/08/2024,72.0849,72.9875,71.8954,72.9626,1.117,+1.55%,4670702
01/05/2024,71.6062,72.2545,71.5464,71.8456,0.2992,+0.42%,5291579
01/04/2024,71.8954,71.9852,71.5464,71.5464,-0.2393,-0.33%,6683435
01/03/2024,71.8755,72.3243,71.686,71.7857,-0.2693,-0.37%,7613151
01/02/2024,72.1148,72.2245,71.4716,72.055,-0.4089,-0.56%,6019947
12/29/2023,72.7531,72.8528,72.1747,72.4639,-0.4388,-0.60%,4757239
12/28/2023,72.793,73.1598,72.793,72.9027,0.1994,+0.27%,5480491
12/27/2023,72.7033,72.8329,72.439,72.7033,0.01,+0.01%,4520798
12/26/2023,72.5237,72.7829,72.3741,72.6933,0.2793,+0.39%,2468461
12/22/2023,72.5537,72.8977,72.0749,72.414,0.0099,+0.01%,4776693
12/21/2023,72.2744,72.4639,71.7957,72.4041,0.7081,+0.99%,4880268
12/20/2023,72.3143,73.0673,71.686,71.696,-0.5585,-0.77%,6541051
12/19/2023,71.6561,72.3592,71.6561,72.2545,0.7281,+1.02%,4848984
12/18/2023,70.8084,71.8555,70.8084,71.5264,0.8716,+1.23%,7012329
12/15/2023,70.5255,71.003,70.3663,70.6548,-0.1791,-0.25%,7280638
12/14/2023,70.7543,71.1671,70.222,70.8339,0.3084,+0.44%,6494292
12/13/2023,69.9285,70.6797,69.6997,70.5255,0.6566,+0.94%,7748239
12/12/2023,69.5008,69.8689,69.2123,69.8689,0.2886,+0.41%,7902734
12/11/2023,69.8291,69.8689,69.2819,69.5803,-0.5373,-0.77%,6332970
12/08/2023,69.2023,70.2966,69.2023,70.1176,0.3283,+0.47%,5309802
12/07/2023,69.0332,70.1524,69.0133,69.7893,1.4326,+2.10%,6154143
12/06/2023,68.9436,69.0133,68.2771,68.3567,-0.179,-0.26%,4576029
12/05/2023,68.685,69.1277,68.1577,68.5357,-0.3184,-0.46%,6015437
12/04/2023,68.6452,68.9436,68.3965,68.8541,-0.6964,-1.00%,6643663
12/01/2023,69.2918,69.5972,68.8541,69.5505,0.1393,+0.20%,7748344
11/30/2023,69.8191,70.0181,68.8243,69.4112,-0.4079,-0.58%,7239931
11/29/2023,70.5255,70.5951,69.6699,69.8191,-0.5074,-0.72%,4110236
11/28/2023,70.0081,70.3563,69.7992,70.3265,0.1691,+0.24%,4804204
11/27/2023,70.2469,70.615,70.1176,70.1574,-0.4377,-0.62%,3930006
11/24/2023,70.7443,70.8637,70.4011,70.5951,-0.2388,-0.34%,2428890
11/22/2023,70.615,71.1274,70.6051,70.8339,0.577,+0.82%,4210147
11/21/2023,70.3464,70.4445,70.038,70.2569,-0.2387,-0.34%,3922367
11/20/2023,69.5306,70.5702,69.451,70.4956,0.7859,+1.13%,5757608
11/17/2023,69.5505,69.7296,69.3018,69.7097,-0.0099,-0.01%,3934430
11/16/2023,69.4311,69.7495,69.1028,69.7196,0.3084,+0.44%,7476952
11/15/2023,69.4809,69.5505,69.0481,69.4112,0.3382,+0.49%,5429722
11/14/2023,69.0332,69.6305,68.9536,69.073,1.1043,+1.62%,6065487
11/13/2023,67.8095,68.2472,67.6195,67.9687,-0.1492,-0.22%,7849763
11/10/2023,67.1628,68.1328,66.9241,68.1179,1.0645,+1.59%,5131890
11/09/2023,67.4315,67.7349,66.8843,67.0534,-0.0199,-0.03%,4966741
11/08/2023,67.1529,67.332,66.8345,67.0733,-0.3184,-0.47%,4597240
11/07/2023,67.133,67.6503,66.9887,67.3917,0.3582,+0.53%,6027189
11/06/2023,67.2424,67.3867,66.745,67.0335,-0.1791,-0.27%,4988251
11/03/2023,66.7351,67.4315,66.7152,67.2126,1.0148,+1.53%,7095384
11/02/2023,66.1381,66.3471,65.785,66.1978,0.8655,+1.32%,7380355
11/01/2023,64.3673,65.3696,64.2976,65.3323,0.9451,+1.47%,8214743
10/31/2023,64.2479,64.417,63.7754,64.3872,0.3283,+0.51%,6408252
10/30/2023,63.3127,64.3424,63.263,64.0589,1.2933,+2.06%,9193875
10/27/2023,63.0541,63.4122,62.5119,62.7656,-0.2288,-0.36%,10409725
10/26/2023,63.5018,63.7107,62.497,62.9944,-1.4027,-2.18%,14339938
10/25/2023,65.8098,65.8994,64.3474,64.3971,-2.915,-4.33%,11590810
10/24/2023,67.1927,67.6951,66.8445,67.3121,0.786,+1.18%,6213046
10/23/2023,66.1182,66.9987,65.7501,66.5261,0.3482,+0.53%,6448363
10/20/2023,66.8743,67.1216,66.1332,66.1779,-0.6168,-0.92%,8292144
10/19/2023,67.8891,67.9886,66.755,66.7947,-0.0697,-0.10%,9429897
10/18/2023,67.71,68.0609,66.74,66.8644,-1.1739,-1.73%,7372107
10/17/2023,67.4215,68.1428,67.3638,68.0383,0.2387,+0.35%,4768120
10/16/2023,67.2225,67.899,67.0882,67.7996,1.0745,+1.61%,6497005
10/13/2023,67.4712,67.7697,66.368,66.7251,-0.7561,-1.12%,8294051
10/12/2023,68.3865,68.4263,67.1628,67.4812,-0.8058,-1.18%,6309344
10/11/2023,67.9388,68.5208,67.8891,68.287,0.6168,+0.91%,7726434
10/10/2023,67.3718,68.0781,67.3021,67.6702,0.388,+0.58%,7828659
10/09/2023,66.2376,67.4721,66.1182,67.2822,0.7163,+1.08%,7015779
10/06/2023,64.9244,66.6853,64.8349,66.5659,1.2038,+1.84%,7425386
10/05/2023,65.3821,65.5412,64.7055,65.3621,-0.0896,-0.14%,4702183
10/04/2023,64.7851,65.591,64.5961,65.4517,0.6168,+0.95%,6920486
10/03/2023,65.3721,65.8198,64.7006,64.8349,-0.8854,-1.35%,6637931
10/02/2023,65.4218,65.9143,65.2219,65.7203,0.4875,+0.75%,6926618
09/29/2023,66.0387,66.2476,65.0339,65.2328,-0.3681,-0.56%,6358499
09/28/2023,64.8647,65.9392,64.8548,65.6009,0.7163,+1.10%,4827928
09/27/2023,64.9344,65.2219,63.9793,64.8846,0.1691,+0.26%,6570690
09/26/2023,64.805,64.9543,64.5265,64.7155,-0.7262,-1.11%,5226475
09/25/2023,65.0339,65.4417,64.805,65.4417,0.1591,+0.24%,4151047
09/22/2023,65.6905,66.0884,65.2826,65.2826,-0.0795,-0.12%,5376042
09/21/2023,65.6407,66.0387,65.3621,65.3621,-0.8158,-1.23%,6335986
09/20/2023,67.2325,67.332,66.1779,66.1779,-0.9153,-1.36%,4790838
09/19/2023,66.8843,67.2872,66.5361,67.0932,0.0497,+0.07%,3383499
09/18/2023,66.8942,67.2872,66.8651,67.0435,0.0478,+0.07%,3774708
09/15/2023,67.8789,67.9434,66.8667,66.9957,-0.9031,-1.33%,7669326
09/14/2023,67.3827,67.9881,67.0503,67.8988,0.9329,+1.39%,5957783
09/13/2023,66.8369,67.1148,66.4598,66.9659,0.2183,+0.33%,4570722
09/12/2023,67.3033,67.353,66.6881,66.7476,-0.7046,-1.04%,8818582
09/11/2023,66.7575,67.5862,66.7575,67.4522,1.0023,+1.51%,5805325
09/08/2023,66.2713,66.7575,66.2713,66.4499,0.1985,+0.30%,3673283
09/07/2023,66.0827,66.7774,65.7651,66.2514,-0.1191,-0.18%,4887534
09/06/2023,66.5789,66.7278,65.9984,66.3705,-0.2084,-0.31%,5248181
09/05/2023,66.5194,66.9709,66.5194,66.5789,-0.0099,-0.01%,4437404
09/01/2023,67.4324,67.4324,66.413,66.5888,-0.6252,-0.93%,4065472
08/31/2023,67.224,67.7003,67.1594,67.214,0.0694,+0.10%,4101548
08/30/2023,67.1446,67.3232,66.7972,67.1446,0.01,+0.01%,4591778
08/29/2023,65.8247,67.2438,65.8048,67.1346,1.4588,+2.22%,5387344
08/28/2023,65.2987,65.7255,65.13,65.6758,0.7939,+1.22%,4755329
08/25/2023,64.9018,65.1995,63.825,64.8819,0.0694,+0.11%,6598470
08/24/2023,66.3606,66.4797,64.8125,64.8125,-1.2702,-1.92%,5776200
08/23/2023,65.2789,66.3953,65.269,66.0827,1.0519,+1.62%,5881304
08/22/2023,65.259,65.4377,64.9316,65.0308,0,0.00%,4664029
08/21/2023,64.5247,65.1528,64.3659,65.0308,0.4664,+0.72%,3560624
08/18/2023,64.2369,64.8125,63.9491,64.5644,-0.387,-0.60%,6863281
08/17/2023,65.9041,66.043,64.9415,64.9514,-0.7542,-1.15%,6358236
08/16/2023,66.2018,66.5293,65.7056,65.7056,-0.7939,-1.19%,4950312
08/15/2023,66.8369,66.956,66.3507,66.4995,-0.5954,-0.89%,5063273
08/14/2023,66.4797,67.1148,66.3407,67.0949,0.4862,+0.73%,3817786
08/11/2023,66.4697,66.9362,66.301,66.6087,-0.3175,-0.47%,4508040
08/10/2023,67.2736,67.7499,66.7278,66.9262,0.2282,+0.34%,5617598
08/09/2023,67.5117,67.6209,66.4598,66.698,-0.7244,-1.07%,8974264
08/08/2023,67.2637,67.5614,66.9468,67.4224,-0.1886,-0.28%,4566590
08/07/2023,66.9461,67.6408,66.8766,67.611,1.0321,+1.55%,4527892
08/04/2023,66.9659,67.5068,66.5086,66.5789,-0.1489,-0.22%,4942753
08/03/2023,66.4995,67.1297,66.4052,66.7278,-0.1687,-0.25%,4578073
08/02/2023,67.5018,67.5713,66.6881,66.8965,-1.2801,-1.88%,6542337
08/01/2023,67.8988,68.395,67.7946,68.1766,-0.0894,-0.13%,5715343
07/31/2023,68.2263,68.6679,67.998,68.266,-0.0198,-0.03%,7889699
07/28/2023,67.6308,68.6133,67.5117,68.2858,1.3199,+1.97%,6292234
07/27/2023,68.3652,68.6927,66.8369,66.9659,0.5557,+0.84%,10463820
07/26/2023,66.5888,66.7178,65.8842,66.4102,1.0222,+1.56%,6308760
07/25/2023,65.3484,65.6758,65.0804,65.388,0.2084,+0.32%,5505142
07/24/2023,65.3484,65.6163,64.9613,65.1796,0.119,+0.18%,5882013
07/21/2023,65.914,65.9934,64.8422,65.0606,-0.6549,-1.00%,7070760
07/20/2023,66.5789,66.9659,65.6014,65.7155,-1.3298,-1.98%,8526963
07/19/2023,67.1148,67.472,66.827,67.0453,0.1885,+0.28%,6961938
07/18/2023,66.3705,66.9659,66.3606,66.8568,0.4565,+0.69%,5249690
07/17/2023,66.6385,66.822,66.1522,66.4003,-0.2382,-0.36%,5020444
07/14/2023,67.085,67.3232,66.5156,66.6385,-0.6351,-0.94%,6284067
07/13/2023,66.8766,67.4026,66.7278,67.2736,0.9726,+1.47%,6008974
07/12/2023,66.0529,66.4896,65.8545,66.301,0.7939,+1.21%,6144008
07/11/2023,64.4155,65.656,64.3064,65.5071,1.1214,+1.74%,6834367
07/10/2023,64.6735,64.9911,64.0335,64.3857,-0.1688,-0.26%,4570017
07/07/2023,64.5545,65.2586,64.4751,64.5545,-0.2282,-0.35%,5109419
07/06/2023,64.8224,64.9564,64.3808,64.7827,-0.516,-0.79%,5285968
07/05/2023,64.6239,65.527,64.5545,65.2987,0.4962,+0.77%,6826710
07/03/2023,64.3758,64.8127,64.3262,64.8025,0.2183,+0.34%,2830464
06/30/2023,64.4254,64.8297,64.4254,64.5842,0.645,+1.01%,5288791
06/29/2023,64.0285,64.2764,63.7754,63.9392,-0.3473,-0.54%,3680536
06/28/2023,63.8201,64.4453,63.7854,64.2865,0.2878,+0.45%,4006219
06/27/2023,62.9964,64.2666,62.9567,63.9987,1.0618,+1.69%,6558362
06/26/2023,63.4728,63.8598,62.8277,62.9369,-0.6351,-1.00%,4943053
06/23/2023,63.175,63.7903,63.0659,63.572,-0.1389,-0.22%,6890792
06/22/2023,63.0262,63.7208,62.788,63.7109,0.4962,+0.78%,4314267
06/21/2023,63.5819,63.6315,63.0659,63.2147,-0.6352,-0.99%,5247981
06/20/2023,63.7903,64.0583,63.3537,63.8499,-0.3126,-0.49%,5660618
06/16/2023,64.9749,65.0046,64.0733,64.1625,-0.535,-0.83%,7491418
06/15/2023,63.5878,64.9154,63.35,64.6975,1.0106,+1.59%,6243103
06/14/2023,63.5185,64.1129,62.9933,63.6869,0.109,+0.17%,5564038
06/13/2023,63.8751,64.1228,63.3203,63.5779,0.2081,+0.33%,5186253
06/12/2023,62.8546,63.4194,62.7258,63.3698,0.743,+1.19%,4718641
06/09/2023,62.5871,63.0379,62.4435,62.6268,0.0199,+0.03%,8083178
06/08/2023,62.0422,62.815,61.9539,62.6069,0.317,+0.51%,4197937
06/07/2023,63.1122,63.6671,62.171,62.2899,-0.7034,-1.12%,5392960
06/06/2023,62.6961,63.3797,62.5673,62.9933,0.2576,+0.41%,4461166
06/05/2023,62.498,63.2906,62.498,62.7357,0.1585,+0.25%,7328222
06/02/2023,62.2404,62.7902,62.0521,62.5772,0.0792,+0.13%,9039813
06/01/2023,61.844,62.602,61.7053,62.498,0.8323,+1.35%,10270560
05/31/2023,61.4279,61.8142,61.21,61.6657,-0.0198,-0.03%,7636968
05/30/2023,62.0818,62.1413,61.3388,61.6855,0.0991,+0.16%,6871203
05/26/2023,60.457,61.6261,60.1795,61.5864,1.2285,+2.04%,8392342
05/25/2023,60.9226,60.9722,60.1895,60.3579,0,0.00%,6018027
05/24/2023,60.3083,60.6403,60.0111,60.3579,-0.2774,-0.46%,6169525
05/23/2023,61.0514,61.532,60.6353,60.6353,-0.7629,-1.24%,4253750
05/22/2023,60.9325,61.854,60.9028,61.3982,0.5548,+0.91%,4970765
05/19/2023,61.21,61.5964,60.6056,60.8434,-0.3269,-0.53%,5792948
05/18/2023,60.13,61.2248,60.13,61.1703,1.0799,+1.80%,6608984
05/17/2023,59.4662,60.348,59.3275,60.0904,0.7233,+1.22%,5596537
05/16/2023,59.1392,59.59,59.057,59.3671,-0.0694,-0.12%,3810964
05/15/2023,59.1591,59.5801,59.0253,59.4365,0.2774,+0.47%,3591032
05/12/2023,59.2185,59.3275,58.7776,59.1591,0.0496,+0.08%,4057132
05/11/2023,58.7727,59.4612,58.5151,59.1095,0.5845,+1.00%,7688644
05/10/2023,58.5448,58.6983,57.6729,58.525,0.5152,+0.89%,6440219
05/09/2023,58.2277,58.4655,57.9602,58.0098,-0.3665,-0.63%,7706300
05/08/2023,57.7125,58.4655,57.663,58.3763,0.5845,+1.01%,4034226
05/05/2023,57.2171,57.9057,56.9001,57.7918,0.7134,+1.25%,5017192
05/04/2023,57.6729,57.6927,57.0487,57.0784,-0.9314,-1.61%,7200442
05/03/2023,58.3763,58.8915,57.9156,58.0098,-0.2278,-0.39%,8751947
05/02/2023,59.1491,59.2482,57.9503,58.2376,-1.0998,-1.85%,10246551
05/01/2023,59.2581,59.5851,58.9163,59.3374,-0.0099,-0.02%,7288046
04/28/2023,58.5745,59.3572,58.525,59.3473,0.5053,+0.86%,7550266
04/27/2023,57.7026,59.0203,57.5639,58.842,3.2299,+5.81%,9686781
04/26/2023,56.2264,56.583,55.5477,55.6121,-0.5944,-1.06%,7029459
04/25/2023,56.8307,56.9298,56.1966,56.2065,-0.8917,-1.56%,5395690
04/24/2023,57.1775,57.4153,56.7118,57.0982,-0.0595,-0.10%,4921312
04/21/2023,56.8704,57.232,56.6821,57.1577,0.1387,+0.24%,7191555
04/20/2023,57.0091,57.5641,56.8704,57.019,-0.5944,-1.03%,4455307
04/19/2023,57.4054,57.8562,57.2865,57.6134,-0.436,-0.75%,4450569
04/18/2023,58.5844,58.6538,57.9314,58.0494,-0.2972,-0.51%,4420991
04/17/2023,58.0395,58.3962,57.8611,58.3466,-0.3369,-0.57%,6539341
04/14/2023,58.3466,58.8816,58.1187,58.6835,-0.0198,-0.03%,4951889
04/13/2023,58.0098,58.7281,57.9404,58.7033,1.1988,+2.08%,5466539
04/12/2023,58.4853,58.6141,57.445,57.5045,-0.6043,-1.04%,5940913
04/11/2023,58.3664,58.525,58.0345,58.1088,-0.1486,-0.26%,17606163
04/10/2023,57.9503,58.2723,57.6531,58.2574,-0.1288,-0.22%,4835824
04/06/2023,57.5738,58.5596,57.227,58.3862,0.7232,+1.25%,10813586
04/05/2023,57.881,57.9404,57.2568,57.663,-0.1882,-0.33%,12357016
04/04/2023,57.7125,58.0197,57.4351,57.8512,0.1783,+0.31%,9845954
04/03/2023,57.019,57.7026,56.9595,57.6729,0.2378,+0.41%,9067464
03/31/2023,56.4741,57.4846,56.4542,57.4351,1.0799,+1.92%,9781152
03/30/2023,56.2165,56.4344,56.0777,56.3552,0.2675,+0.48%,6424373
03/29/2023,55.8697,56.1471,55.6319,56.0877,0.7332,+1.32%,4860443
03/28/2023,55.7013,55.7013,55.0672,55.3545,-0.4557,-0.82%,4151202
03/27/2023,56.1273,56.3453,55.5923,55.8102,-0.3171,-0.56%,3793303
03/24/2023,55.8499,56.2016,55.4635,56.1273,0.2873,+0.51%,5545769
03/23/2023,55.5229,56.4542,55.3892,55.84,0.8917,+1.62%,7136948
03/22/2023,55.8598,56.6029,54.9185,54.9483,-0.9808,-1.75%,6814271
03/21/2023,55.3644,56.0381,55.1365,55.9291,1.1691,+2.13%,5055349
03/20/2023,54.4033,54.8987,54.2052,54.76,0.4062,+0.75%,7259082
03/17/2023,54.6996,55.0158,54.1562,54.3538,-0.5237,-0.95%,12478653
03/16/2023,53.5337,54.9466,53.3855,54.8775,1.2055,+2.25%,11541875
03/15/2023,52.6444,53.7412,52.3678,53.672,0.573,+1.08%,12859909
03/14/2023,52.5358,53.1978,52.4172,53.099,1.4624,+2.83%,10341248
03/13/2023,51.2315,52.3381,50.7572,51.6366,0,0.00%,15432693
03/10/2023,52.2591,52.5308,51.3501,51.6366,-0.7411,-1.41%,13282747
03/09/2023,53.6523,54.008,52.1949,52.3777,-1.2054,-2.25%,6270291
03/08/2023,53.5139,53.8104,53.1978,53.5831,0.0296,+0.06%,4341084
03/07/2023,54.3538,54.502,53.3954,53.5535,-0.5533,-1.02%,5530366
03/06/2023,54.4328,54.8528,54.0969,54.1068,0,0.00%,5694223
03/03/2023,53.425,54.171,53.2966,54.1068,1.1561,+2.18%,5438067
03/02/2023,52.1306,53.0644,52.1109,52.9507,0.494,+0.94%,4705433
03/01/2023,52.763,52.9804,52.3777,52.4567,-0.4051,-0.77%,7177924
02/28/2023,52.7235,53.3311,52.7235,52.8618,0.0889,+0.17%,5797660
02/27/2023,52.9903,53.257,52.6148,52.7729,0.168,+0.32%,3703274
02/24/2023,52.5259,52.7334,52.2146,52.6049,-0.7411,-1.39%,4900761
02/23/2023,53.6424,53.7017,52.7432,53.346,-0.247,-0.46%,5213183
02/22/2023,53.425,53.8202,53.3015,53.593,0.1087,+0.20%,4463846
02/21/2023,54.1364,54.423,53.4645,53.4843,-1.2054,-2.20%,4226820
02/17/2023,54.334,54.7342,54.0722,54.6897,-0.0593,-0.11%,4296353
02/16/2023,54.6206,55.4407,54.502,54.749,-0.8498,-1.53%,5331197
02/15/2023,54.6996,55.6284,54.6502,55.5988,0.5039,+0.91%,4284911
02/14/2023,54.7984,55.2727,54.3143,55.0949,0.0198,+0.04%,5959079
02/13/2023,54.5712,55.2628,54.3834,55.0751,0.7707,+1.42%,2991889
02/10/2023,54.6799,54.9071,54.1562,54.3044,-0.5237,-0.96%,4537324
02/09/2023,56.7548,56.7746,54.6255,54.8281,-1.2252,-2.19%,6129312
02/08/2023,56.9425,57.1204,55.7569,56.0533,-1.818,-3.14%,6609238
02/07/2023,56.7054,58.0689,56.577,57.8713,1.0572,+1.86%,7253732
02/06/2023,56.8339,57.2884,56.488,56.8141,-0.6917,-1.20%,5777113
02/03/2023,57.3279,58.7211,57.318,57.5058,-1.1758,-2.00%,7923713
02/02/2023,57.7528,59.0768,57.4316,58.6816,3.6164,+6.57%,9558615
02/01/2023,54.0376,55.3271,53.6523,55.0652,0.6422,+1.18%,7613926
01/31/2023,53.7807,54.4378,53.7807,54.423,0.6522,+1.21%,4316892
01/30/2023,54.087,54.4576,53.7412,53.7708,-0.8597,-1.57%,3903567
01/27/2023,54.1463,54.9325,54.1463,54.6305,0.3755,+0.69%,3809439
01/26/2023,53.8005,54.2649,53.4645,54.255,0.83,+1.55%,4355555
01/25/2023,52.8618,53.5436,52.6741,53.425,0.1877,+0.35%,5036885
01/24/2023,52.9409,53.9981,52.7759,53.2373,-0.1482,-0.28%,8973944
01/23/2023,52.516,53.509,52.3875,53.3855,0.9189,+1.75%,6354803
01/20/2023,51.2908,52.5215,51.1525,52.4666,1.5908,+3.13%,4933043
01/19/2023,50.362,51.1376,50.194,50.8758,0.2569,+0.51%,7476584
01/18/2023,51.3896,51.5477,50.4719,50.6189,-0.6225,-1.21%,6001792
01/17/2023,51.5971,51.6564,50.9252,51.2414,-0.4841,-0.94%,3572412
01/13/2023,51.2315,51.8046,51.1374,51.7255,0.1679,+0.33%,3757119
01/12/2023,51.1327,51.7255,50.5398,51.5576,0.5632,+1.10%,4244528
01/11/2023,50.7375,51.0042,50.4707,50.9944,0.3656,+0.72%,4148078
01/10/2023,49.4727,50.6337,49.4253,50.6288,0.751,+1.51%,8789746
01/09/2023,50.0162,50.4904,49.8284,49.8778,0.079,+0.16%,6507632
01/06/2023,49.453,49.9322,48.7613,49.7988,0.8003,+1.63%,4633875
01/05/2023,48.8404,49.3196,48.4649,48.9985,0.0692,+0.14%,5472980
01/04/2023,48.6922,49.2356,48.2179,48.9293,0.8992,+1.87%,5907771
01/03/2023,48.0005,48.4649,47.5756,48.0301,0.6126,+1.29%,8681567
12/30/2022,46.8148,47.4274,46.6567,47.4175,0.0197,+0.04%,4886797
12/29/2022,46.548,47.5806,46.4591,47.3978,1.2746,+2.76%,3508753
12/28/2022,46.637,47.0569,46.1133,46.1232,-0.6817,-1.46%,6120707
12/27/2022,47.0816,47.1804,46.4986,46.8049,-0.4249,-0.90%,3952855
12/23/2022,46.5876,47.2496,46.4986,47.2298,0.4545,+0.97%,3891926
12/22/2022,46.6962,46.8049,45.9256,46.7753,-0.4051,-0.86%,4437128
12/21/2022,46.7358,47.4077,46.5678,47.1804,0.6126,+1.32%,5933985
12/20/2022,46.0738,46.6666,45.9206,46.5678,0.3162,+0.68%,5813143
12/19/2022,47.1211,47.2199,46.1232,46.2516,-1.1086,-2.34%,5756874
12/16/2022,47.4588,47.7939,47.0843,47.3602,-0.0099,-0.02%,8688125
12/15/2022,48.405,48.5923,47.1532,47.3701,-1.922,-3.90%,9960178
12/14/2022,49.2822,50.1102,48.7599,49.2921,-0.6505,-1.30%,10471824
12/13/2022,50.9086,51.3225,49.5779,49.9426,0.8279,+1.69%,10053930
12/12/2022,48.7303,49.1245,48.3853,49.1147,0.3844,+0.79%,5204307
12/09/2022,48.5824,49.2625,48.3361,48.7303,0.138,+0.28%,6417014
12/08/2022,48.9176,49.0457,48.4346,48.5923,-0.0986,-0.20%,5256151
12/07/2022,48.7993,49.0851,48.3952,48.6909,-0.2464,-0.50%,4769259
12/06/2022,50.2186,50.2876,48.7624,48.9373,-1.4489,-2.88%,5895527
12/05/2022,50.7903,51.3422,50.2334,50.3862,-0.8082,-1.58%,4091937
12/02/2022,50.2285,51.3275,50.2285,51.1944,0.1281,+0.25%,4466313
12/01/2022,50.8691,51.4408,50.6769,51.0663,0.2957,+0.58%,6700380
11/30/2022,48.6021,50.7854,48.4543,50.7706,2.06,+4.23%,10464106
11/29/2022,48.7204,48.8387,48.267,48.7106,0.0197,+0.04%,3878676
11/28/2022,49.1935,49.4843,48.5726,48.6909,-0.7885,-1.59%,3733796
11/25/2022,49.4597,49.7258,49.4202,49.4794,-0.2759,-0.55%,1923308
11/23/2022,49.0555,49.8638,49.0555,49.7553,0.6209,+1.26%,4672884
11/22/2022,48.5036,49.1837,48.1389,49.1344,0.7195,+1.49%,5558999
11/21/2022,48.9471,49.1443,48.2276,48.4149,-0.4041,-0.83%,3249140
11/18/2022,49.371,49.4774,48.5529,48.819,-0.1478,-0.30%,4108273
11/17/2022,48.3952,49.2576,48.2079,48.9668,-0.3746,-0.76%,7213151
11/16/2022,49.5484,49.6962,49.1295,49.3414,-0.4928,-0.99%,5452265
11/15/2022,50.0609,50.465,49.1344,49.8342,0.7294,+1.49%,9095974
11/14/2022,48.9471,49.8342,48.8978,49.1048,-0.1972,-0.40%,5511420
11/11/2022,48.0206,49.4991,48.0009,49.302,1.2617,+2.63%,9389986
11/10/2022,47.1237,48.1093,46.6703,48.0403,2.7401,+6.05%,8427077
11/09/2022,45.7438,46.0296,45.2411,45.3002,-0.621,-1.35%,7130971
11/08/2022,45.7635,46.4337,45.2904,45.9212,0.0493,+0.11%,8393386
11/07/2022,45.5664,45.9015,45.2362,45.8719,0.8082,+1.79%,7307096
11/04/2022,45.2707,45.4875,44.216,45.0637,0.3056,+0.68%,6717630
11/03/2022,45.3889,45.4875,44.7089,44.7581,-1.1237,-2.45%,11330154
11/02/2022,47.1532,47.6264,45.8621,45.8818,-1.3306,-2.82%,10702426
11/01/2022,48.1389,48.4444,47.1828,47.2124,-0.3055,-0.64%,5028990
10/31/2022,47.9713,48.1586,47.242,47.5179,-0.8083,-1.67%,7720129
10/28/2022,47.3602,48.3656,47.2518,48.3262,1.1927,+2.53%,8355133
10/27/2022,47.7052,48.3163,47.104,47.1335,-2.3459,-4.74%,6967829
10/26/2022,49.8539,50.6523,49.4005,49.4794,-1.6164,-3.16%,5870163
10/25/2022,50.0116,51.2043,50.0018,51.0958,1.3207,+2.65%,4752526
10/24/2022,49.5681,50.0412,48.9767,49.7751,0.345,+0.70%,6426854
10/21/2022,48.3262,49.4794,48.1586,49.4301,0.3154,+0.64%,7189809
10/20/2022,49.1147,50.0757,48.9668,49.1147,0.1183,+0.24%,6887671
10/19/2022,49.0654,49.7011,48.7106,48.9964,0.0394,+0.08%,11279419
10/18/2022,49.6469,49.7652,48.5233,48.957,0.3647,+0.75%,5604449
10/17/2022,48.0995,48.9077,48.06,48.5923,1.3011,+2.75%,6194116
10/14/2022,48.4642,48.6613,47.1927,47.2912,-0.7886,-1.64%,8292345
10/13/2022,45.9803,48.272,45.8059,48.0798,1.1335,+2.41%,10455378
10/12/2022,47.035,47.3159,46.7294,46.9463,-0.0591,-0.13%,5429639
10/11/2022,47.5968,47.858,46.7491,47.0054,-0.8969,-1.87%,7925471
10/10/2022,48.1882,48.4247,47.4834,47.9023,-0.1282,-0.27%,5002718
10/07/2022,48.7303,48.8978,47.8038,48.0305,-1.3306,-2.70%,4961520
10/06/2022,49.4399,50.0215,49.1837,49.3611,-0.2661,-0.54%,6603493
10/05/2022,49.233,49.8539,48.5627,49.6272,-0.3844,-0.77%,5255241
10/04/2022,49.1541,50.0313,49.1443,50.0116,1.4883,+3.07%,8968852
10/03/2022,47.7446,48.7697,47.6066,48.5233,1.3208,+2.80%,5867833
09/30/2022,47.7841,48.5233,47.173,47.2025,-0.5816,-1.22%,6368829
09/29/2022,48.4543,48.4543,47.3504,47.7841,-1.1926,-2.44%,6477581
09/28/2022,47.4982,49.164,47.4785,48.9767,1.6165,+3.41%,7939369
09/27/2022,48.1093,48.4346,47.1138,47.3602,-0.2563,-0.54%,6713173
09/26/2022,48.1882,48.6613,47.4982,47.6165,-0.7885,-1.63%,6284211
09/23/2022,48.9274,48.9866,47.8186,48.405,-0.9561,-1.94%,7116461
09/22/2022,49.3414,49.7948,49.1443,49.3611,-0.1774,-0.36%,6276296
09/21/2022,50.9086,51.2831,49.5188,49.5385,-1.2419,-2.45%,6692066
09/20/2022,51.0367,51.3718,50.6227,50.7804,-0.7984,-1.55%,5436443
09/19/2022,50.9776,51.5788,50.8248,51.5788,0.2957,+0.58%,7248452
09/16/2022,51.4306,51.4885,50.8503,51.2831,-0.5508,-1.06%,11136422
09/15/2022,51.8437,52.6798,51.6323,51.8339,-0.2262,-0.43%,7064705
09/14/2022,52.129,52.1781,51.3224,52.0601,0.0885,+0.17%,7640673
09/13/2022,53.4174,53.5355,51.8241,51.9716,-3.0195,-5.49%,7170950
09/12/2022,54.8043,55.3108,54.5485,54.9911,0.2852,+0.52%,4918029
09/09/2022,53.6142,54.7698,53.6142,54.7059,1.4852,+2.79%,9674701
09/08/2022,52.8371,53.4765,52.5716,53.2207,-0.1279,-0.24%,11277750
09/07/2022,52.247,53.4469,52.2372,53.3486,1.0524,+2.01%,7591359
09/06/2022,52.9257,52.9945,51.9421,52.2962,-0.659,-1.24%,10116149
09/02/2022,54.3125,54.3518,52.7486,52.9552,-1.0229,-1.90%,5668861
09/01/2022,53.3486,54.0273,52.9847,53.9781,0.4918,+0.92%,6321182
08/31/2022,54.3912,54.6272,53.4765,53.4863,0.1279,+0.24%,5583053
08/30/2022,54.0371,54.2633,53.0043,53.3584,-0.4721,-0.88%,3817236
08/29/2022,53.8699,54.4797,53.7823,53.8305,-0.423,-0.78%,3681302
08/26/2022,55.8862,56.2845,54.2338,54.2535,-1.7901,-3.19%,5382251
08/25/2022,55.1879,56.0731,55.1288,56.0436,1.0721,+1.95%,2533637
08/24/2022,54.4797,55.3747,54.3912,54.9715,0.3246,+0.59%,4350496
08/23/2022,54.9616,55.3554,54.5584,54.6469,-0.4721,-0.86%,5383169
08/22/2022,56.0042,56.0042,54.9961,55.119,-1.6229,-2.86%,3367849
08/19/2022,57.155,57.2337,56.4812,56.7419,-0.9344,-1.62%,3393672
08/18/2022,57.6664,57.9123,57.1353,57.6763,-0.0885,-0.15%,2457283
08/17/2022,58.1582,58.3844,57.6468,57.7648,-1.1409,-1.94%,4474435
08/16/2022,58.5025,59.25,58.2271,58.9057,0.118,+0.20%,2512594
08/15/2022,58.3058,58.9254,58.2074,58.7877,0.2065,+0.35%,2667641
08/12/2022,58.1779,58.591,57.873,58.5812,1.023,+1.78%,2825839
08/11/2022,58.1877,58.768,57.4501,57.5582,0.059,+0.10%,3051858
08/10/2022,57.2238,57.7845,57.0271,57.4992,1.5737,+2.81%,3394489
08/09/2022,56.3288,56.3288,55.6501,55.9255,-0.5508,-0.98%,2763518
08/08/2022,56.4862,57.5976,56.3976,56.4763,0.3245,+0.58%,4028813
08/05/2022,55.7583,56.496,55.6452,56.1518,-0.6983,-1.23%,3478972
08/04/2022,56.4567,57.1353,56.3288,56.8501,0.2459,+0.43%,3316199
08/03/2022,55.4928,56.7812,55.3944,56.6042,1.3278,+2.40%,4403976
08/02/2022,55.0206,55.9403,54.9616,55.2764,-0.0885,-0.16%,4766838
08/01/2022,55.0305,55.9354,54.6666,55.3649,-0.0787,-0.14%,3820894
07/29/2022,54.942,55.5616,54.6076,55.4436,0.0295,+0.05%,6080834
07/28/2022,55.0206,55.4239,54.3322,55.4141,-0.6393,-1.14%,4889250
07/27/2022,54.6862,56.3583,54.5682,56.0534,2.272,+4.22%,4882338
07/26/2022,54.5584,54.5584,53.624,53.7814,-1.1016,-2.01%,4349478
07/25/2022,55.1288,55.4829,54.4994,54.883,-0.1868,-0.34%,2942760
07/22/2022,55.7977,56.4272,54.7059,55.0698,-1.977,-3.47%,3828725
07/21/2022,56.5845,57.0468,55.837,57.0468,-0.0295,-0.05%,6497788
07/20/2022,56.4173,57.3763,56.0638,57.0763,0.9245,+1.65%,5733833
07/19/2022,54.9616,56.2157,54.8436,56.1518,1.9278,+3.56%,3289763
07/18/2022,54.883,55.3157,54.0764,54.224,-0.2754,-0.51%,3854138
07/15/2022,53.683,54.519,53.4666,54.4994,1.3672,+2.57%,4115737
07/14/2022,53.142,53.3781,52.5322,53.1322,-0.6787,-1.26%,4243744
07/13/2022,53.2306,54.2043,53.1594,53.8109,-0.2459,-0.45%,5006170
07/12/2022,54.283,54.7649,53.8502,54.0568,-0.0295,-0.05%,4172062
07/11/2022,55.0993,55.1584,53.9879,54.0863,-1.6917,-3.03%,3406685
07/08/2022,55.5223,56.1911,55.2469,55.778,-0.2656,-0.47%,2609790
07/07/2022,55.3452,56.2698,55.1977,56.0436,0.8656,+1.57%,3352290
07/06/2022,55.1682,55.6157,54.58,55.178,0.0098,+0.02%,4305663
07/05/2022,53.2404,55.1977,52.7289,55.1682,1.2491,+2.32%,4308202
07/01/2022,53.1912,53.9879,52.8224,53.9191,0.541,+1.01%,4473923
06/30/2022,53.4666,54.1797,52.6109,53.3781,-0.6492,-1.20%,4983501
06/29/2022,54.0076,54.2633,53.4469,54.0273,0.1673,+0.31%,4004813
06/28/2022,55.6501,56.0632,53.8355,53.86,-1.6131,-2.91%,4885189
06/27/2022,56.1222,56.1714,55.2174,55.4731,-0.5311,-0.95%,3853530
06/24/2022,54.3715,56.0042,54.3617,56.0042,2.0556,+3.81%,9043223
06/23/2022,53.565,54.0863,53.0732,53.9486,0.659,+1.24%,6101572
06/22/2022,52.9453,54.0764,52.8421,53.2896,0.0885,+0.17%,6580037
06/21/2022,53.5748,53.9781,53.0781,53.2011,0.3738,+0.71%,4178671
06/17/2022,52.2778,53.2492,51.8755,52.8273,0.7457,+1.43%,12158902
06/16/2022,52.8764,53.1511,51.7431,52.0816,-1.9722,-3.65%,7050413
06/15/2022,53.4454,54.7602,53.0922,54.0538,1.1873,+2.25%,7494159
06/14/2022,53.3473,53.5387,52.425,52.8665,-0.1472,-0.28%,4472529
06/13/2022,54.2795,54.5444,52.8665,53.0137,-2.6296,-4.73%,7181585
06/10/2022,56.389,56.546,55.5403,55.6433,-1.5994,-2.79%,6781661
06/09/2022,58.7439,59.1364,57.1936,57.2427,-1.8152,-3.07%,4506868
06/08/2022,58.999,59.8881,58.945,59.0579,-0.1569,-0.26%,4023068
06/07/2022,58.2337,59.2737,58.0963,59.2148,0.4219,+0.72%,3313833
06/06/2022,59.1462,59.3964,58.3857,58.7929,0.2943,+0.50%,4778992
06/03/2022,59.1854,59.3522,58.3318,58.4986,-1.2952,-2.17%,4584734
06/02/2022,58.3023,59.8575,58.1552,59.7938,1.4228,+2.44%,7356974
06/01/2022,59.5092,59.8428,58.1454,58.371,-0.677,-1.15%,6352490
05/31/2022,58.9696,59.6466,58.4593,59.048,-0.0393,-0.07%,7305212
05/27/2022,58.1257,59.1069,57.9884,59.0873,1.2363,+2.14%,5286536
05/26/2022,56.6147,58.0276,56.5951,57.851,1.3737,+2.43%,5070472
05/25/2022,55.5452,56.7324,55.4863,56.4773,0.7457,+1.34%,5448588
05/24/2022,55.8396,55.9573,54.6327,55.7316,-2.0507,-3.55%,8631150
05/23/2022,57.38,57.8706,56.6049,57.7823,0.8536,+1.50%,9393691
05/20/2022,57.4781,57.6989,55.5746,56.9287,0.1472,+0.26%,8953507
05/19/2022,56.6343,57.4487,56.5656,56.7815,-0.0785,-0.14%,8458192
05/18/2022,58.1159,58.3906,56.6932,56.86,-1.9231,-3.27%,9953519
05/17/2022,58.4005,58.8224,57.9687,58.7831,1.2559,+2.18%,10731763
05/16/2022,57.5664,58.2042,57.3898,57.5272,-0.3729,-0.64%,7033089
05/13/2022,56.7521,58.2042,56.6834,57.9001,1.3247,+2.34%,6008410
05/12/2022,55.506,57.2819,55.2214,56.5754,0.6083,+1.09%,17131548
05/11/2022,56.7815,57.9393,55.8788,55.9671,-1.0303,-1.81%,15348398
05/10/2022,57.6449,58.0472,56.4773,56.9974,0.2551,+0.45%,9817556
05/09/2022,57.4487,57.9589,56.5166,56.7423,-1.511,-2.59%,12178154
05/06/2022,59.0186,59.1854,57.8117,58.2533,-1.2265,-2.06%,9497234
05/05/2022,61.0202,61.2557,58.8714,59.4798,-2.2763,-3.69%,9284226
05/04/2022,59.4405,61.9033,58.8763,61.7561,2.0507,+3.43%,9948226
05/03/2022,59.3915,60.2451,58.9499,59.7054,0.1569,+0.26%,8522407
05/02/2022,58.0669,59.5975,57.9491,59.5485,1.5994,+2.76%,11307377
04/29/2022,59.5975,60.3236,57.8608,57.9491,-2.0311,-3.39%,9878511
04/28/2022,59.676,60.3543,58.214,59.9802,2.3058,+4.00%,11486856
04/27/2022,58.1454,58.7929,57.331,57.6744,-1.3148,-2.23%,17705422
04/26/2022,60.5787,60.5787,58.9597,58.9892,-2.0016,-3.28%,10103129
04/25/2022,60.0489,61.0202,59.676,60.9908,0.8242,+1.37%,13616519
04/22/2022,61.6384,61.7856,60.0587,60.1666,-1.462,-2.37%,9887988
04/21/2022,63.6204,64.0227,61.452,61.6286,-1.8054,-2.85%,8389804
04/20/2022,65.1118,65.1314,63.1298,63.434,-2.8749,-4.34%,9713195
04/19/2022,64.8371,66.4855,64.6997,66.3089,1.2952,+1.99%,4612964
04/18/2022,65.1903,65.5014,64.4446,65.0137,-0.2158,-0.33%,6508724
04/14/2022,66.564,66.564,65.1903,65.2295,-1.1284,-1.70%,4809059
04/13/2022,65.2982,66.6228,65.2001,66.3579,0.9615,+1.47%,6304485
04/12/2022,66.6523,66.9074,65.0677,65.3964,-0.5396,-0.82%,8408452
04/11/2022,66.3579,66.9789,65.8477,65.936,-0.8635,-1.29%,5463770
04/08/2022,66.9564,67.3784,66.4364,66.7995,-0.2943,-0.44%,3901278
04/07/2022,67.5746,67.7316,66.1421,67.0938,-0.5887,-0.87%,4471303
04/06/2022,68.2124,68.389,67.241,67.6825,-1.2854,-1.86%,5107062
04/05/2022,69.8902,70.2238,68.8011,68.9679,-0.8929,-1.28%,4067710
04/04/2022,68.4086,69.9344,68.4086,69.8608,1.8741,+2.76%,5301006
04/01/2022,67.8101,68.0259,67.4372,67.9867,0.5004,+0.74%,4096043
03/31/2022,68.7815,68.7815,67.4691,67.4863,-1.305,-1.90%,4876523
03/30/2022,69.0071,69.2819,68.5362,68.7913,-0.4906,-0.71%,4753916
03/29/2022,68.6637,69.4781,68.5067,69.2819,1.1873,+1.74%,7068042
03/28/2022,67.8003,68.1044,67.1134,68.0946,0.2158,+0.32%,2970168
03/25/2022,67.7316,68.0848,67.1232,67.8788,0.3238,+0.48%,3934605
03/24/2022,66.8878,67.5746,66.6523,67.555,1.0892,+1.64%,4383040
03/23/2022,66.8976,67.3244,66.4609,66.4658,-0.9224,-1.37%,5241696
03/22/2022,66.25,67.7512,66.2107,67.3882,1.2363,+1.87%,4547840
03/21/2022,66.5051,66.6425,65.4847,66.1519,-0.625,-0.94%,6271867
03/18/2022,65.6709,66.8552,65.4654,66.7769,0.8613,+1.31%,8809823
03/17/2022,64.9957,65.9156,64.7608,65.9156,0.7046,+1.08%,5232030
03/16/2022,64.0072,65.2305,63.4787,65.211,1.7519,+2.76%,6765788
03/15/2022,62.7348,63.5667,62.3923,63.4591,1.194,+1.92%,6395505
03/14/2022,62.9893,63.6646,62.1378,62.2651,-0.734,-1.17%,7151401
03/11/2022,64.565,64.6433,62.9208,62.9991,-1.1549,-1.80%,5091688
03/10/2022,63.7625,64.3497,63.464,64.154,-0.4795,-0.74%,5909452
03/09/2022,64.2323,64.8439,63.9876,64.6335,1.8791,+2.99%,6923453
03/08/2022,62.8229,64.4084,62.3287,62.7544,-0.1566,-0.25%,10374961
03/07/2022,64.9761,64.9761,62.8719,62.911,-2.1629,-3.32%,7894839
03/04/2022,65.6612,65.945,64.7803,65.0739,-0.9494,-1.44%,6462538
03/03/2022,67.1977,67.3152,65.7492,66.0233,-0.6949,-1.04%,6670256
03/02/2022,66.3365,66.9824,65.9254,66.7182,0.5677,+0.86%,7951848
03/01/2022,66.6888,67.1194,65.7786,66.1505,-0.8417,-1.26%,6285056
02/28/2022,66.2582,67.4033,66.1799,66.9922,-0.0783,-0.12%,8571243
02/25/2022,66.1407,67.1635,65.7003,67.0705,1.0668,+1.62%,7343495
02/24/2022,62.7055,66.1407,62.6663,66.0037,1.8008,+2.80%,11232626
02/23/2022,65.7297,65.8863,64.154,64.2029,-1.0961,-1.68%,6691408
02/22/2022,65.6318,66.3511,64.8391,65.299,-0.6754,-1.02%,9052295
02/18/2022,66.6888,67.1243,65.7786,65.9744,-0.5187,-0.78%,7676789
02/17/2022,67.7458,67.8828,66.449,66.4931,-1.8203,-2.66%,7680162
02/16/2022,67.8828,68.4603,67.4815,68.3134,-0.4796,-0.70%,4655452
02/15/2022,68.5679,68.8322,68.2156,68.793,0.9493,+1.40%,4385295
02/14/2022,67.7556,68.2743,67.3152,67.8437,0.0098,+0.01%,5458856
02/11/2022,69.2922,69.6738,67.5892,67.8339,-1.4974,-2.16%,7518930
02/10/2022,69.3704,70.5694,69.0181,69.3313,-1.0081,-1.43%,6714602
02/09/2022,69.2041,70.3589,69.1356,70.3394,1.9281,+2.82%,6463246
02/08/2022,68.1764,68.6511,67.8828,68.4113,-0.0294,-0.04%,6206074
02/07/2022,69.8304,69.8794,68.2694,68.4407,-1.2136,-1.74%,4948794
02/04/2022,69.2139,70.2268,68.4896,69.6543,0.1762,+0.25%,6821067
02/03/2022,70.173,70.9462,69.3411,69.4781,-4.9816,-6.69%,9482961
02/02/2022,74.9393,74.9393,73.6572,74.4597,1.4583,+2.00%,5473878
02/01/2022,72.424,73.0993,71.8172,73.0014,0.6263,+0.87%,6420849
01/31/2022,70.7602,72.424,70.2904,72.3751,1.6051,+2.27%,6238663
01/28/2022,68.9692,70.7896,68.7049,70.77,1.9672,+2.86%,6385391
01/27/2022,69.2139,70.2219,68.6854,68.8028,0.0783,+0.11%,9749130
01/26/2022,70.8091,70.8091,68.0296,68.7245,-1.0179,-1.46%,13265520
01/25/2022,70.0164,70.6819,69.116,69.7424,-1.4582,-2.05%,9380064
01/24/2022,69.5858,71.2887,68.0003,71.2006,0.5187,+0.73%,19222083
01/21/2022,72.2087,72.6148,70.6526,70.6819,-2.4761,-3.38%,14642752
01/20/2022,74.3227,75.1937,73.0748,73.158,-0.7341,-0.99%,7494924
01/19/2022,74.2346,75.0362,73.8441,73.8921,-0.1272,-0.17%,6791639
01/18/2022,74.8708,74.9882,73.8676,74.0193,-0.9102,-1.21%,6031350
01/14/2022,73.9312,74.9882,73.9263,74.9295,0.3426,+0.46%,6752508
01/13/2022,75.5558,75.7222,74.4548,74.5869,-0.783,-1.04%,6492270
01/12/2022,75.5461,75.7907,74.998,75.3699,0.0979,+0.13%,5789500
01/11/2022,74.2737,75.2818,73.8823,75.272,0.9297,+1.25%,6961564
01/10/2022,74.0976,74.3618,72.6491,74.3423,-0.4697,-0.63%,9651546
01/07/2022,74.8022,75.321,74.5282,74.812,0.0098,+0.01%,8054340
01/06/2022,74.5086,75.732,74.2737,74.8022,0.3327,+0.45%,14959813
01/05/2022,76.3975,76.7694,74.4499,74.4695,-1.9183,-2.51%,19746136
01/04/2022,76.8575,77.0533,75.9669,76.3878,-0.1663,-0.22%,11984223
01/03/2022,76.2018,76.838,76.1431,76.5541,0.5285,+0.70%,12245602
12/31/2021,76.8967,77.1903,76.0012,76.0256,-1.0668,-1.38%,5812799
12/30/2021,76.9554,77.5035,76.9358,77.0924,0.323,+0.42%,4581064
12/29/2021,77.1903,77.386,76.5276,76.7694,-0.3817,-0.49%,3857864
12/28/2021,77.2784,77.8509,77.0386,77.1511,-0.0392,-0.05%,3284655
12/27/2021,76.6814,77.3616,76.6716,77.1903,0.7438,+0.97%,2725648
12/23/2021,75.869,76.7009,75.8299,76.4465,0.6753,+0.89%,2435263
12/22/2021,75.4188,75.9767,75.2622,75.7712,0.186,+0.25%,3337988
12/21/2021,74.5282,75.6782,74.3618,75.5852,1.4093,+1.90%,5311215
12/20/2021,73.9508,74.2248,73.481,74.1759,-0.5216,-0.70%,4584741
12/17/2021,74.512,75.2787,74.0529,74.6975,-0.3028,-0.40%,10169313
12/16/2021,75.2835,75.8793,74.7659,75.0003,-0.1074,-0.14%,7541055
12/15/2021,74.1506,75.1908,73.1674,75.1077,0.7813,+1.05%,6852818
12/14/2021,73.672,74.4631,73.5743,74.3264,-0.1953,-0.26%,7177889
12/13/2021,74.8245,75.1566,74.2922,74.5217,-0.3907,-0.52%,5099656
12/10/2021,75.3324,75.4789,74.3459,74.9124,0.0391,+0.05%,4356842
12/09/2021,75.2542,75.6889,74.6975,74.8733,-0.5958,-0.79%,4162822
12/08/2021,75.1273,75.6596,74.8587,75.4691,0.5469,+0.73%,9710723
12/07/2021,74.9417,75.2835,74.6975,74.9222,0.7619,+1.03%,4657753
12/06/2021,73.3692,74.341,73.086,74.1603,1.2013,+1.65%,7923881
12/03/2021,73.4767,73.6036,72.0116,72.959,-0.1661,-0.23%,9201248
12/02/2021,72.1874,73.4229,72.0409,73.1251,1.2111,+1.68%,7759951
12/01/2021,74.6682,74.8733,71.8749,71.914,-1.6994,-2.31%,9616519
11/30/2021,75.7231,75.7231,73.5304,73.6134,-2.4124,-3.17%,10672639
11/29/2021,76.2309,76.3774,75.5717,76.0258,0.6446,+0.86%,6674152
11/26/2021,76.0454,76.0502,75.3128,75.3812,-1.4065,-1.83%,5081430
11/24/2021,76.4751,76.8902,76.0844,76.7877,0.1075,+0.14%,4344553
11/23/2021,76.7388,77.0904,76.1333,76.6802,-0.2051,-0.27%,5202246
11/22/2021,77.9402,78.1355,76.8756,76.8853,-0.9474,-1.22%,4625402
11/19/2021,78.4187,78.6043,77.7155,77.8327,-0.2637,-0.34%,7021241
11/18/2021,78.4773,78.4969,77.7741,78.0964,-0.5665,-0.72%,3415504
11/17/2021,78.9559,79.1317,78.5685,78.6629,-0.3028,-0.38%,7505117
11/16/2021,79.3954,79.5419,78.9169,78.9657,-0.5958,-0.75%,2440068
11/15/2021,79.5615,80.001,79.3564,79.5615,0.2247,+0.28%,2374540
11/12/2021,78.5848,79.4052,78.2918,79.3368,1.1427,+1.46%,3317520
11/11/2021,78.3601,78.6434,78.1501,78.1941,-0.1563,-0.20%,2095744
11/10/2021,78.8485,79.1317,78.0476,78.3504,-0.8985,-1.13%,4171521
11/09/2021,79.6201,79.7666,78.868,79.2489,-0.1954,-0.25%,4014566
11/08/2021,80.1963,80.1963,79.3661,79.4443,-0.3516,-0.44%,3247383
11/05/2021,79.8545,80.4307,79.708,79.7959,0.6349,+0.80%,3314651
11/04/2021,79.0927,79.5224,78.7996,79.161,0.3125,+0.40%,6431803
11/03/2021,78.1355,78.8778,77.9011,78.8485,0.2833,+0.36%,2901727
11/02/2021,78.7606,78.8924,78.1111,78.5652,0.0097,+0.01%,4077124
11/01/2021,78.702,79.1708,78.3357,78.5555,0.127,+0.16%,4223021
10/29/2021,78.0085,78.5652,77.9011,78.4285,0.2442,+0.31%,2912888
10/28/2021,77.989,78.6434,77.5006,78.1843,0.2539,+0.33%,3674643
10/27/2021,78.028,78.7313,77.8278,77.9304,-0.2149,-0.28%,5984782
10/26/2021,79.1806,79.2782,77.7741,78.1453,-0.7032,-0.89%,6715920
10/25/2021,78.2722,78.8485,77.8327,78.8485,0.3419,+0.44%,3302160
10/22/2021,78.995,79.3075,78.116,78.5066,-1.6995,-2.12%,3205612
10/21/2021,79.9424,80.2452,79.6591,80.2061,0.2344,+0.29%,2745077
10/20/2021,80.001,80.1963,79.6982,79.9717,0.1563,+0.20%,3004625
10/19/2021,79.4638,79.8252,79.2685,79.8154,0.7618,+0.96%,2518906
10/18/2021,78.3504,79.0731,78.1941,79.0536,0.6056,+0.77%,3046400
10/15/2021,78.8973,78.9169,78.3308,78.448,-0.1856,-0.24%,3174282
10/14/2021,78.2625,78.7606,78.0964,78.6336,1.0939,+1.41%,3700853
10/13/2021,77.6667,77.7937,77.0611,77.5397,0.3614,+0.47%,4805703
10/12/2021,77.9108,77.9785,76.9048,77.1783,-0.7228,-0.93%,8181381
10/11/2021,78.7606,79.0633,77.8718,77.9011,-1.1916,-1.51%,3675665
10/08/2021,79.6298,79.7373,78.995,79.0927,-0.3906,-0.49%,2797702
10/07/2021,79.8154,80.2305,79.4247,79.4833,0.3418,+0.43%,4365648
10/06/2021,78.2136,79.2001,77.8718,79.1415,0.1368,+0.17%,6757593
10/05/2021,78.116,79.4247,78.0476,79.0047,1.1622,+1.49%,3395232
10/04/2021,79.0145,79.0633,77.2379,77.8425,-1.719,-2.16%,9674474
10/01/2021,78.6531,79.9179,78.3015,79.5615,1.3186,+1.69%,7482997
09/30/2021,78.7313,79.0633,78.2332,78.2429,-0.2442,-0.31%,11028334
09/29/2021,78.9364,79.3954,78.3797,78.4871,-0.0684,-0.09%,5597558
09/28/2021,79.708,79.9033,78.4383,78.5555,-1.9631,-2.44%,9196841
09/27/2021,80.0986,80.753,79.8545,80.5186,-0.0098,-0.01%,3542155
09/24/2021,79.5126,80.6798,79.4052,80.5284,0.6544,+0.82%,4507042
09/23/2021,79.415,80.2647,79.2782,79.874,0.8107,+1.03%,4084597
09/22/2021,78.8582,79.4833,78.7117,79.0633,-0.0391,-0.05%,6978138
09/21/2021,79.9717,80.2158,79.0438,79.1024,-0.3321,-0.42%,6624084
09/20/2021,80.0107,80.1279,78.4383,79.4345,-1.6291,-2.01%,9156299
09/17/2021,81.7461,81.9314,80.7165,81.0636,-0.9068,-1.11%,10225991
09/16/2021,81.9411,82.2239,81.3805,81.9704,-0.078,-0.10%,3955281
09/15/2021,81.6291,82.1927,80.9417,82.0484,0.3998,+0.49%,5124686
09/14/2021,82.5749,82.6724,81.5121,81.6486,-0.7118,-0.86%,5607650
09/13/2021,82.7017,82.7699,81.9509,82.3604,0.2047,+0.25%,5427038
09/10/2021,83.0039,83.1307,82.1118,82.1557,-0.5362,-0.65%,5234116
09/09/2021,82.9552,83.2282,82.5603,82.6919,-0.4095,-0.49%,4219787
09/08/2021,83.3842,83.6182,82.8284,83.1014,-0.429,-0.51%,3906052
09/07/2021,83.3354,83.6864,83.1404,83.5304,0.195,+0.23%,4222865
09/03/2021,83.2087,83.4768,82.9795,83.3354,0,0.00%,2870592
09/02/2021,83.9692,84.0862,83.1892,83.3354,-0.5655,-0.67%,3312632
09/01/2021,83.6182,84.1983,83.6084,83.9009,0.4192,+0.50%,3818568
08/31/2021,83.1404,83.6669,83.0429,83.4817,0.312,+0.38%,6247015
08/30/2021,82.5847,83.3452,82.3068,83.1697,0.5655,+0.68%,2804643
08/27/2021,81.5024,82.7407,81.3464,82.6042,1.2871,+1.58%,3525136
08/26/2021,81.9704,82.0971,81.3171,81.3171,-0.7118,-0.87%,3363810
08/25/2021,81.9314,82.2141,81.7559,82.0289,0.1268,+0.15%,3933229
08/24/2021,81.8144,82.2211,81.6389,81.9021,0.2632,+0.32%,3212840
08/23/2021,80.7711,81.9801,80.7711,81.6389,0.975,+1.21%,3140635
08/20/2021,79.9521,80.7889,79.7863,80.6639,0.6923,+0.87%,4249425
08/19/2021,79.4646,80.3323,79.3866,79.9716,0.0098,+0.01%,4522855
08/18/2021,80.3908,80.8491,79.9082,79.9618,-0.6143,-0.76%,3119304
08/17/2021,80.7224,81.0539,80.0496,80.5761,-0.6728,-0.83%,6093584
08/16/2021,80.8296,81.2683,80.1958,81.2489,0.1365,+0.17%,3572418
08/13/2021,81.2684,81.3659,81.049,81.1124,0.0488,+0.06%,2199429
08/12/2021,80.8296,81.1026,80.4104,81.0636,0.1462,+0.18%,2327119
08/11/2021,80.9174,81.01,80.6151,80.9174,0.156,+0.19%,2520445
08/10/2021,80.6834,80.8491,80.4104,80.7614,0.1561,+0.19%,6414598
08/09/2021,80.7419,80.7516,80.3323,80.6053,-0.1463,-0.18%,2428348
08/06/2021,80.5859,80.9759,80.5469,80.7516,0,0.00%,2835105
08/05/2021,80.2543,80.7662,80.0593,80.7516,0.7313,+0.91%,2319221
08/04/2021,79.9131,80.2153,79.5523,80.0203,0.2242,+0.28%,3963590
08/03/2021,80.1861,80.1957,78.8893,79.7961,-0.3607,-0.45%,4984894
08/02/2021,80.6834,80.7614,80.0106,80.1568,-0.1853,-0.23%,4090459
07/30/2021,80.1178,80.8637,79.9813,80.3421,-0.273,-0.34%,3076329
07/29/2021,80.9661,81.2391,80.5762,80.6151,-0.8775,-1.08%,5426730
07/28/2021,81.7169,82.0776,81.1221,81.4926,0.6337,+0.78%,7482166
07/27/2021,81.7364,81.8144,80.2641,80.8589,-0.975,-1.19%,4982021
07/26/2021,81.3171,81.8583,81.1904,81.8339,0.4193,+0.52%,3271503
07/23/2021,80.3713,81.6379,80.0203,81.4146,1.9695,+2.48%,3971692
07/22/2021,79.1623,79.4646,78.8016,79.4451,0.273,+0.34%,2312554
07/21/2021,78.587,79.1769,78.548,79.1721,0.6533,+0.83%,2679826
07/20/2021,77.9045,78.8064,77.4901,78.5188,0.8775,+1.13%,4217120
07/19/2021,78.2068,78.2165,77.2805,77.6413,-1.1993,-1.52%,7073762
07/16/2021,79.4548,79.6791,78.7431,78.8406,-0.4972,-0.63%,3599083
07/15/2021,80.0008,80.0008,79.0063,79.3378,-0.5655,-0.71%,4615778
07/14/2021,80.4201,80.4786,79.8156,79.9033,-0.0585,-0.07%,3548216
07/13/2021,80.0886,80.581,79.8838,79.9618,-0.2048,-0.26%,4081023
07/12/2021,79.7668,80.2056,79.4646,80.1666,0.5655,+0.71%,3660006
07/09/2021,78.9283,79.7187,78.9186,79.6011,0.702,+0.89%,2988946
07/08/2021,78.7528,79.2598,78.509,78.8991,-0.8775,-1.10%,5371036
07/07/2021,80.2641,80.2641,79.5913,79.7766,-0.117,-0.15%,3745234
07/06/2021,80.2251,80.3284,79.1623,79.8936,-0.195,-0.24%,3927486
07/02/2021,79.8253,80.2007,79.6937,80.0886,0.5558,+0.70%,4458857
07/01/2021,78.8503,79.6401,78.8308,79.5328,0.585,+0.74%,5361605
06/30/2021,79.0258,79.1623,78.6651,78.9478,-0.1463,-0.18%,2598599
06/29/2021,79.5328,79.6108,78.8747,79.0941,-0.429,-0.54%,4382345
06/28/2021,78.8211,79.6206,78.5763,79.5231,0.8873,+1.13%,3644929
06/25/2021,78.5188,78.7236,78.3677,78.6358,0.0975,+0.12%,5993074
06/24/2021,78.1775,78.5773,78.1288,78.5383,0.7313,+0.94%,3518780
06/23/2021,77.8168,78.2165,77.7437,77.807,-0.078,-0.10%,4788595
06/22/2021,77.3,77.9923,77.0758,77.885,0.663,+0.86%,4810440
06/21/2021,76.6565,77.2805,76.325,77.222,0.741,+0.97%,3358169
06/18/2021,77.0455,77.1234,76.3642,76.481,-0.9052,-1.17%,6364711
06/17/2021,76.9579,77.8339,76.9287,77.3862,0.3212,+0.42%,4681344
06/16/2021,77.902,77.902,76.4129,77.065,-0.6813,-0.88%,4820871
06/15/2021,78.2621,78.3984,77.6129,77.7463,-0.4477,-0.57%,3170385
06/14/2021,77.7365,78.2135,77.5127,78.194,0.5159,+0.66%,2808211
06/11/2021,77.7073,77.7219,77.318,77.6781,0.0876,+0.11%,3831446
06/10/2021,77.2499,77.7122,76.9676,77.5905,0.4185,+0.54%,2538303
06/09/2021,77.6003,77.7268,77.1331,77.172,-0.0779,-0.10%,5309734
06/08/2021,77.6879,77.6879,76.8703,77.2499,-0.2239,-0.29%,3416356
06/07/2021,76.9482,77.5127,76.8703,77.4738,0.3991,+0.52%,3412244
06/04/2021,76.2961,77.1818,76.1793,77.0747,1.0901,+1.43%,2397131
06/03/2021,75.9652,76.1968,75.5174,75.9846,-0.5159,-0.67%,2889483
06/02/2021,76.88,76.9871,76.116,76.5005,-0.2336,-0.30%,2858349
06/01/2021,76.9676,77.1039,76.3642,76.7341,0.0487,+0.06%,3391901
05/28/2021,77.1526,77.1818,76.6088,76.6854,-0.253,-0.33%,2912086
05/27/2021,76.7414,77.1221,76.6124,76.9384,0.2919,+0.38%,4584564
05/26/2021,76.3739,76.9676,76.2182,76.6465,0.4964,+0.65%,4772375
05/25/2021,76.5783,76.6854,75.9944,76.1501,-0.0195,-0.03%,3163707
05/24/2021,75.3714,76.3641,75.2255,76.1696,1.3627,+1.82%,3102983
05/21/2021,75.4104,75.4298,74.768,74.8069,-0.2531,-0.34%,4574083
05/20/2021,74.1646,75.2206,73.9894,75.06,1.2653,+1.71%,3600680
05/19/2021,72.617,73.8434,72.5489,73.7947,0.1168,+0.16%,5072290
05/18/2021,74.4274,74.6609,73.6585,73.6779,-0.7592,-1.02%,2505116
05/17/2021,75.0113,75.0697,73.9505,74.4371,-0.5937,-0.79%,3088704
05/14/2021,74.2424,75.1865,74.1159,75.0308,1.4502,+1.97%,3346387
05/13/2021,73.5125,74.223,73.1231,73.5806,0.5256,+0.72%,7923448
05/12/2021,73.6001,74.0478,72.8409,73.055,-1.4599,-1.96%,5779275
05/11/2021,73.6293,74.6999,73.5417,74.5149,-0.2142,-0.29%,9906732
05/10/2021,75.8094,75.8386,74.6755,74.7291,-1.4599,-1.92%,4154471
05/07/2021,76.1793,76.5443,75.8192,76.189,0.5742,+0.76%,3736303
05/06/2021,74.6512,75.6342,74.5344,75.6148,0.876,+1.17%,5467647
05/05/2021,75.3423,75.5758,74.6464,74.7388,-0.146,-0.19%,3933984
05/04/2021,75.1476,75.3812,73.785,74.8848,-0.6813,-0.90%,7036661
05/03/2021,76.2669,76.3535,75.4785,75.5661,-0.3991,-0.53%,3967478
04/30/2021,76.0625,76.3155,75.8386,75.9652,-1.0511,-1.36%,3924323
04/29/2021,76.7049,77.1039,76.1598,77.0163,2.0731,+2.77%,4948379
04/28/2021,75.2741,75.7705,74.8751,74.9432,0.6813,+0.92%,3447488
04/27/2021,74.6804,74.8167,74.1743,74.2619,-0.3017,-0.40%,4813373
04/26/2021,74.5636,74.6999,74.3787,74.5636,0.1557,+0.21%,2843043
04/23/2021,73.8726,74.622,73.7148,74.4079,0.8565,+1.16%,2817047
04/22/2021,74.2716,74.4225,73.2789,73.5514,-0.545,-0.74%,3629962
04/21/2021,73.5417,74.1159,73.0842,74.0964,0.1265,+0.17%,7227050
04/20/2021,74.2327,74.4274,73.4151,73.9699,-0.3991,-0.54%,3632120
04/19/2021,74.5928,75.0016,73.9796,74.369,-0.4185,-0.56%,3275800
04/16/2021,75.0405,75.0795,74.5052,74.7875,-0.0486,-0.06%,3471118
04/15/2021,74.3982,75.0405,74.2911,74.8361,0.9441,+1.28%,4647546
04/14/2021,74.5928,74.622,73.7363,73.892,-0.7689,-1.03%,4047210
04/13/2021,74.7777,75.0989,74.5539,74.6609,0.0973,+0.13%,2970344
04/12/2021,74.6512,74.6853,74.223,74.5636,-0.3017,-0.40%,2295517
04/09/2021,74.5928,74.9189,74.3203,74.8653,-0.0195,-0.03%,2387988
04/08/2021,75.2644,75.3228,74.6435,74.8848,0.0097,+0.01%,2970856
04/07/2021,74.3203,74.952,74.3203,74.8751,0.5743,+0.77%,2412131
04/06/2021,74.0964,74.5247,73.9407,74.3008,0.1849,+0.25%,2592757
04/05/2021,72.9382,74.2181,72.9382,74.1159,1.5281,+2.11%,4078853
04/01/2021,72.0039,72.6365,72.0039,72.5878,1.2263,+1.72%,4674568
03/31/2021,71.3712,71.7995,71.0987,71.3615,0.2823,+0.40%,3963162
03/30/2021,71.0792,71.235,70.7678,71.0792,0,0.00%,2733518
03/29/2021,70.3395,71.3518,70.1157,71.0792,0.7202,+1.02%,4391301
03/26/2021,71.1766,71.3712,69.1229,70.359,-0.7786,-1.09%,4319892
03/25/2021,71.089,71.673,70.5829,71.1376,-0.3504,-0.49%,3951760
03/24/2021,73.3373,73.3373,71.4687,71.488,-1.8493,-2.52%,4380512
03/23/2021,73.8045,74.2181,73.2156,73.3373,-0.545,-0.74%,4412668
03/22/2021,73.4735,74.3787,73.1329,73.8823,0.6161,+0.84%,5369119
03/19/2021,72.7513,73.6451,72.6639,73.2662,0.6315,+0.87%,9513969
03/18/2021,72.965,73.6354,72.557,72.6347,-1.2242,-1.66%,5691705
03/17/2021,73.2857,74.1406,72.6153,73.8589,0.0097,+0.01%,4752298
03/16/2021,73.4994,74.4224,73.2759,73.8492,0.7676,+1.05%,3913965
03/15/2021,72.7513,73.1253,72.421,73.0816,0.5149,+0.71%,3436597
03/12/2021,72.1878,72.6639,71.9352,72.5667,-0.204,-0.28%,3197396
03/11/2021,72.1198,73.2128,71.9643,72.7707,1.3505,+1.89%,3352404
03/10/2021,72.0032,72.0032,71.051,71.4202,0.3012,+0.42%,5871520
03/09/2021,71.4591,71.7311,70.9345,71.119,0.7869,+1.12%,9014265
03/08/2021,71.3425,71.77,70.2835,70.3321,-0.9521,-1.34%,8575689
03/05/2021,70.2446,71.498,69.3605,71.2842,1.6322,+2.34%,12286589
03/04/2021,69.7686,71.0705,68.797,69.652,-0.1263,-0.18%,8832078
03/03/2021,70.7013,71.017,69.6034,69.7783,-1.0104,-1.43%,4862429
03/02/2021,71.3328,71.77,70.7401,70.7887,-0.5247,-0.74%,4783693
03/01/2021,70.4584,71.5077,70.1669,71.3134,1.778,+2.56%,4318876
02/26/2021,69.652,70.8033,69.0302,69.5354,0.2721,+0.39%,5536697
02/25/2021,70.8373,71.362,69.001,69.2633,-1.5448,-2.18%,5653318
02/24/2021,69.9629,70.983,69.7589,70.8081,0.1263,+0.18%,4121777
02/23/2021,69.5062,70.9247,68.4958,70.6818,0.544,+0.78%,4774843
02/22/2021,69.7491,70.7887,69.7006,70.1378,-0.2817,-0.40%,2231434
02/19/2021,71.3231,71.3231,70.3223,70.4195,-0.6995,-0.98%,2573151
02/18/2021,70.983,71.4008,70.5971,71.119,-0.3498,-0.49%,2078900
02/17/2021,70.847,71.5271,70.7207,71.4688,0.204,+0.29%,2034332
02/16/2021,70.9247,71.7457,70.9247,71.2648,0.3401,+0.48%,2055328
02/12/2021,70.5361,71.0121,70.4778,70.9247,0.3011,+0.43%,1619953
02/11/2021,70.6916,70.6916,70.0115,70.6236,0.0778,+0.11%,1914525
02/10/2021,70.5167,70.7596,69.5645,70.5458,0.6606,+0.95%,2567490
02/09/2021,69.4771,70.2544,69.3605,69.8852,0.2332,+0.33%,6221049
02/08/2021,69.7103,69.788,69.1176,69.652,0.2721,+0.39%,5353077
02/05/2021,68.8942,69.4674,68.8844,69.3799,0.8647,+1.26%,1903411
02/04/2021,68.2335,68.525,67.8449,68.5152,0.408,+0.60%,2717247
02/03/2021,68.2723,68.6707,67.6775,68.1072,0.9036,+1.34%,2931537
02/02/2021,66.6304,67.5631,66.5041,67.2036,1.0104,+1.53%,2069122
02/01/2021,65.5519,66.4847,65.037,66.1932,1.2145,+1.87%,3226729
01/29/2021,65.8046,65.9406,64.5512,64.9787,-1.2339,-1.86%,4688486
01/28/2021,66.5721,67.3979,66.1835,66.2126,0.2332,+0.35%,6883898
01/27/2021,67.602,67.7866,65.5228,65.9794,-2.2055,-3.23%,7935188
01/26/2021,67.2036,68.3015,67.2036,68.1849,0.9133,+1.36%,3127098
01/25/2021,67.3202,67.6311,66.3778,67.2716,0.3886,+0.58%,4203911
01/22/2021,66.7858,67.1307,66.6304,66.883,0.0292,+0.04%,2037317
01/21/2021,66.8927,67.2329,66.679,66.8538,0.2428,+0.36%,2464050
01/20/2021,65.8726,66.9122,65.6588,66.611,2.0306,+3.14%,4749826
01/19/2021,63.8711,64.7358,63.4631,64.5804,1.1465,+1.81%,4561061
01/15/2021,63.2396,63.7351,62.9433,63.4339,0.204,+0.32%,4970298
01/14/2021,63.706,63.9489,63.1279,63.2299,-0.3595,-0.57%,2617716
01/13/2021,63.3368,63.9002,63.1522,63.5894,0.2235,+0.35%,3793027
01/12/2021,64.3083,64.6192,63.0161,63.3659,-1.0396,-1.61%,14735610
01/11/2021,64.6192,64.9884,64.2695,64.4055,-1.1659,-1.78%,2267459
01/08/2021,65.3965,65.62,64.7844,65.5714,0.2041,+0.31%,5139196
01/07/2021,64.8038,65.6782,64.697,65.3673,0.8549,+1.33%,2267049
01/06/2021,63.8226,64.9496,63.6185,64.5124,-0.3109,-0.48%,4018640
01/05/2021,64.4346,64.9981,64.3666,64.8233,0.2332,+0.36%,2248520
01/04/2021,65.824,65.8628,63.8128,64.5901,-0.9716,-1.48%,4587205
12/31/2020,64.9593,65.6685,64.9593,65.5617,0.5247,+0.81%,2340639
12/30/2020,65.7268,65.7268,64.9981,65.037,-0.4372,-0.67%,2214762
12/29/2020,65.688,65.8046,65.3964,65.4742,-0.0583,-0.09%,1545949
12/28/2020,64.901,65.6297,64.6971,65.5325,1.1562,+1.80%,2888721
12/24/2020,64.3763,64.6387,64.1577,64.3763,0.068,+0.11%,884855
12/23/2020,64.1626,64.7553,63.9974,64.3083,0.3692,+0.58%,1720100
12/22/2020,64.5415,64.5415,63.5505,63.9391,-0.6024,-0.93%,2101647
12/21/2020,64.3278,64.6581,63.5602,64.5415,-0.5567,-0.86%,4640625
12/18/2020,65.1952,65.3068,64.5841,65.0982,0.0582,+0.09%,4533710
12/17/2020,65.4474,65.5881,64.8897,65.04,-0.1649,-0.25%,2512828
12/16/2020,65.3698,65.428,64.9532,65.2049,-0.0582,-0.09%,3349716
12/15/2020,65.0497,65.2631,64.4192,65.2631,0.5335,+0.82%,1653776
12/14/2020,65.1079,65.5735,64.6811,64.7296,-0.2037,-0.31%,2703958
12/11/2020,64.4483,65.0303,64.361,64.9333,0.388,+0.60%,2750658
12/10/2020,64.1476,64.652,63.5365,64.5453,0.0388,+0.06%,2358295
12/09/2020,65.3698,65.7772,64.0797,64.5065,-0.776,-1.19%,5664404
12/08/2020,65.3116,65.3698,64.783,65.2825,-0.097,-0.15%,1765629
12/07/2020,64.9139,65.559,64.7975,65.3795,0.4074,+0.63%,2043045
12/04/2020,64.9139,65.1079,64.7684,64.9721,0.0582,+0.09%,2058715
12/03/2020,65.137,65.4377,64.7878,64.9139,-0.291,-0.45%,2195103
12/02/2020,64.5162,65.3989,64.2058,65.2049,0.6014,+0.93%,2454582
12/01/2020,63.8469,65.04,63.7693,64.6035,1.164,+1.83%,4009082
11/30/2020,63.5171,63.5171,62.7799,63.4395,-0.2231,-0.35%,3728984
11/27/2020,63.5559,63.8663,63.3425,63.6626,0.4074,+0.64%,1267908
11/25/2020,63.391,63.4007,62.704,63.2552,-0.0097,-0.02%,1745628
11/24/2020,62.1591,63.3231,62.1105,63.2649,1.2708,+2.05%,2247781
11/23/2020,62.1882,62.3094,61.383,61.9941,0.0291,+0.05%,2258505
11/20/2020,62.1591,62.4306,61.9553,61.965,-0.1455,-0.23%,1934286
11/19/2020,61.4703,62.2464,61.383,62.1105,0.3783,+0.61%,3495385
11/18/2020,62.324,62.4986,61.7225,61.7322,-0.6306,-1.01%,2546437
11/17/2020,62.2949,62.6635,62.0524,62.3628,-0.2231,-0.36%,3590635
11/16/2020,62.2075,62.6586,62.1688,62.5859,0.3977,+0.64%,4919675
11/13/2020,61.7225,62.2852,61.3733,62.1882,0.9119,+1.49%,1712639
11/12/2020,61.5867,61.9262,61.0532,61.2763,-0.3492,-0.57%,7253236
11/11/2020,61.4994,61.7031,61.3054,61.6255,0.5529,+0.91%,5219468
11/10/2020,60.5876,61.2666,60.0056,61.0726,-0.194,-0.32%,13292477
11/09/2020,62.4598,62.906,61.2278,61.2666,-0.5238,-0.85%,6208002
11/06/2020,61.9747,61.9747,61.1211,61.7904,-0.1455,-0.23%,5912443
11/05/2020,61.8001,62.3628,61.3636,61.9359,1.1737,+1.93%,3358789
11/04/2020,59.8795,61.2181,59.7825,60.7622,2.5123,+4.31%,4712468
11/03/2020,57.8425,58.7543,57.629,58.2499,0.8537,+1.49%,3602490
11/02/2020,57.8425,58.3663,56.9223,57.3962,-0.0291,-0.05%,3781873
10/30/2020,58.5603,58.9095,56.8142,57.4253,-0.9895,-1.69%,3526621
10/29/2020,57.6581,58.9628,57.3768,58.4148,1.4357,+2.52%,3270849
10/28/2020,58.2693,58.3372,56.9015,56.9791,-2.3281,-3.93%,4367323
10/27/2020,59.1617,59.4721,58.8173,59.3072,0.3783,+0.64%,1630992
10/26/2020,59.7243,60.0056,58.3711,58.9289,-1.3192,-2.19%,2857045
10/23/2020,59.8892,60.2675,59.443,60.2481,0.5626,+0.94%,1896760
10/22/2020,59.4915,59.8235,58.8949,59.6855,0.388,+0.65%,2570042
10/21/2020,59.0356,59.8504,58.8901,59.2975,0.9797,+1.68%,3363116
10/20/2020,58.0268,58.8222,57.7843,58.3178,0.4171,+0.72%,4499891
10/19/2020,59.1714,59.3605,57.6824,57.9007,-1.0573,-1.79%,3423319
10/16/2020,59.3363,59.5594,58.8658,58.958,0.0097,+0.02%,3022711
10/15/2020,58.6961,59.0842,58.4439,58.9483,-0.4559,-0.77%,1752741
10/14/2020,60.3742,60.4227,59.2296,59.4042,-0.7178,-1.19%,2061497
10/13/2020,60.3742,60.4421,59.8407,60.122,0.0582,+0.10%,2661587
10/12/2020,59.3848,60.704,59.1568,60.0638,1.5423,+2.64%,4057121
10/09/2020,58.473,58.5991,58.279,58.5215,0.3492,+0.60%,1895006
10/08/2020,57.726,58.2013,57.726,58.1723,0.747,+1.30%,1394296
10/07/2020,57.5029,57.5999,56.8918,57.4253,0.4171,+0.73%,2127065
10/06/2020,57.9589,58.2694,56.9112,57.0082,-1.2223,-2.10%,2266546
10/05/2020,57.6484,58.2596,57.5708,58.2305,0.941,+1.64%,2187782
10/02/2020,57.5029,58.1044,57.0567,57.2895,-1.1544,-1.98%,3422912
10/01/2020,58.0947,58.5748,58.0074,58.4439,0.8246,+1.43%,7769607
09/30/2020,57.6387,58.2014,57.2992,57.6193,0.0388,+0.07%,2973128
09/29/2020,57.5902,57.8085,57.2604,57.5805,0.0582,+0.10%,3349511
09/28/2020,57.6193,57.726,57.0856,57.5223,0.7566,+1.33%,2079128
09/25/2020,55.9509,56.9611,55.5144,56.7657,0.7469,+1.33%,1937996
09/24/2020,55.5629,56.5426,55.4659,56.0188,0.1067,+0.19%,3035806
09/23/2020,57.3962,57.5126,55.7472,55.9121,-1.3677,-2.39%,4034235
09/22/2020,56.7075,57.3962,56.2807,57.2798,1.0864,+1.93%,2375822
09/21/2020,55.9509,56.3777,55.3543,56.1934,-0.6655,-1.17%,8088472
09/18/2020,57.7397,57.7687,56.1038,56.8589,-0.5517,-0.96%,4819645
09/17/2020,57.4687,57.9236,56.704,57.4106,-1.0744,-1.84%,4752705
09/16/2020,59.1239,59.5885,58.3882,58.485,-0.6389,-1.08%,2447069
09/15/2020,58.7174,59.4046,58.5431,59.1239,1.0357,+1.78%,2090963
09/14/2020,58.4947,59.1723,58.0591,58.0882,0.2227,+0.38%,3348845
09/11/2020,58.4076,58.5752,57.2267,57.8655,-0.184,-0.32%,5691266
09/10/2020,59.2788,59.7241,57.8752,58.0495,-0.8711,-1.48%,5043928
09/09/2020,59.0174,59.4821,58.2915,58.9206,0.6969,+1.20%,5104267
09/08/2020,58.3302,59.061,58.0979,58.2237,-1.5778,-2.64%,8407964
09/04/2020,60.6049,60.9437,58.2431,59.8015,-1.1132,-1.83%,10372064
09/03/2020,62.4925,62.6377,60.1935,60.9147,-2.1392,-3.39%,7786250
09/02/2020,62.0956,63.2475,61.8439,63.0539,1.3165,+2.13%,4464577
09/01/2020,61.3503,61.8891,61.0986,61.7374,0.5033,+0.82%,4858600
08/31/2020,61.4664,61.6503,61.147,61.2341,-0.2904,-0.47%,2818667
08/28/2020,61.5342,61.6213,61.205,61.5245,0.1452,+0.24%,1879490
08/27/2020,62.0956,62.0994,61.1421,61.3793,-0.755,-1.22%,5203749
08/26/2020,60.208,62.2021,60.1887,62.1343,2.0521,+3.42%,3341512
08/25/2020,59.5401,60.1838,59.3949,60.0822,0.5614,+0.94%,4293706
08/24/2020,59.2304,59.7821,59.156,59.5208,0.7163,+1.22%,3451121
08/21/2020,58.9303,59.1142,58.6012,58.8045,-0.2613,-0.44%,2069474
08/20/2020,58.1075,59.1336,58.0737,59.0658,0.7259,+1.24%,8192985
08/19/2020,58.5528,58.9884,58.2043,58.3399,-0.1645,-0.28%,2214414
08/18/2020,58.1366,58.6883,57.8801,58.5044,0.5227,+0.90%,1397970
08/17/2020,58.1366,58.1366,57.7784,57.9817,0.0678,+0.12%,1218419
08/14/2020,57.972,58.0882,57.7203,57.9139,-0.0097,-0.02%,1244971
08/13/2020,57.6913,58.338,57.6616,57.9236,0.2904,+0.50%,1763682
08/12/2020,57.2751,57.9914,57.2751,57.6332,0.6776,+1.19%,6473207
08/11/2020,57.7494,58.093,56.8395,56.9556,-0.8615,-1.49%,3224776
08/10/2020,57.9914,58.5238,57.2557,57.8171,-0.1936,-0.33%,4370157
08/07/2020,57.9333,58.9303,57.5268,58.0107,-0.0678,-0.12%,2609470
08/06/2020,56.6749,58.1366,56.5781,58.0785,1.4907,+2.63%,2352540
08/05/2020,56.8395,56.9266,56.4233,56.5878,-0.0871,-0.15%,1936207
08/04/2020,56.2974,56.6846,56.2974,56.6749,0.3581,+0.64%,2922804
08/03/2020,56.4136,56.4813,55.9085,56.3168,0.0484,+0.09%,2412871
07/31/2020,56.5104,56.5104,55.402,56.2684,0.7744,+1.40%,2832407
07/30/2020,54.8164,55.5908,54.5454,55.494,0.1549,+0.28%,2275059
07/29/2020,55.1068,55.4892,54.9035,55.3391,0.5033,+0.92%,1777732
07/28/2020,55.252,55.4553,54.7487,54.8358,-0.5711,-1.03%,1878250
07/27/2020,55.2327,55.4843,54.9404,55.4069,0.3775,+0.69%,1607582
07/24/2020,54.739,55.1997,54.4583,55.0294,-0.0871,-0.16%,3400706
07/23/2020,56.1329,56.2684,54.8261,55.1165,-0.9099,-1.62%,2346238
07/22/2020,55.9586,56.0699,55.6247,56.0264,0.0581,+0.10%,1579276
07/21/2020,56.6072,56.6556,55.8134,55.9683,-0.271,-0.48%,2301816
07/20/2020,55.4746,56.3652,55.0294,56.2393,0.6679,+1.20%,2278159
07/17/2020,55.707,55.736,54.9907,55.5714,-0.1259,-0.23%,1992615
07/16/2020,55.1165,55.7747,54.9132,55.6973,0.0968,+0.17%,2289934
07/15/2020,55.5134,55.8231,55.0003,55.6005,0.3291,+0.60%,3191300
07/14/2020,54.1776,55.3294,53.9404,55.2714,0.5421,+0.99%,3843072
07/13/2020,56.2974,56.5443,54.5454,54.7293,-1.1229,-2.01%,3052351
07/10/2020,54.8648,55.8909,54.5725,55.8522,0.9487,+1.73%,2509463
07/09/2020,55.0681,55.1262,54.042,54.9035,0.0677,+0.12%,3567966
07/08/2020,54.4196,54.9326,54.0082,54.8358,0.484,+0.89%,3206280
07/07/2020,54.3712,55.1552,54.2779,54.3518,-0.1549,-0.28%,2471448
07/06/2020,54.0324,54.5841,53.8678,54.5067,1.0745,+2.01%,2151087
07/02/2020,54.0904,54.1776,53.3548,53.4322,-0.1743,-0.33%,2327230
07/01/2020,52.4836,53.8097,52.4449,53.6065,1.2971,+2.48%,5327096
06/30/2020,51.7092,52.4642,51.4672,52.3094,0.5808,+1.12%,2909061
06/29/2020,50.5089,51.7286,50.2621,51.7286,0.939,+1.85%,3624369
06/26/2020,52.8127,52.8611,50.6928,50.7896,-2.3425,-4.41%,6447900
06/25/2020,52.8611,53.2483,52.3384,53.1321,0.2323,+0.44%,4937528
06/24/2020,53.9356,54.0614,52.4158,52.8998,-1.2197,-2.25%,7992050
06/23/2020,54.1195,54.6712,53.9259,54.1195,0.3485,+0.65%,5058909
06/22/2020,53.6065,53.8484,53.4189,53.771,0.1181,+0.22%,2061830
06/19/2020,54.4451,54.4451,53.2568,53.6529,-0.1449,-0.27%,4907131
06/18/2020,53.5177,53.8365,53.3921,53.7978,0.1739,+0.32%,4861480
06/17/2020,53.6722,54.0297,53.1989,53.6239,0.0676,+0.13%,2713912
06/16/2020,54.1842,54.2035,52.7932,53.5563,0.4347,+0.82%,4487989
06/15/2020,51.518,53.3051,51.4311,53.1216,0.8404,+1.61%,4259008
06/12/2020,52.967,53.1602,51.3055,52.2812,0.4541,+0.88%,5118093
06/11/2020,53.0926,53.4597,51.7112,51.8271,-2.502,-4.61%,4833428
06/10/2020,54.8315,54.8701,53.962,54.3291,-0.1643,-0.30%,2730785
06/09/2020,54.3388,54.7445,54.2035,54.4934,-0.1352,-0.25%,3673926
06/08/2020,53.6336,54.6672,53.4887,54.6286,1.0047,+1.87%,3329009
06/05/2020,53.1216,54.0007,53.1119,53.6239,0.8597,+1.63%,2882127
06/04/2020,53.0153,53.2375,52.3778,52.7642,-0.396,-0.74%,2313918
06/03/2020,53.1313,53.3293,52.967,53.1602,0.1642,+0.31%,3330151
06/02/2020,52.8415,53.0153,52.2329,52.996,0.2125,+0.40%,3590599
06/01/2020,52.059,52.8608,51.9624,52.7835,0.5989,+1.15%,7173948
05/29/2020,51.8754,52.3295,51.3393,52.1846,0.2802,+0.54%,6328415
05/28/2020,51.9431,52.7449,51.7788,51.9044,-0.4927,-0.94%,4217706
05/27/2020,52.0686,52.3971,51.0978,52.3971,0.3671,+0.71%,6155752
05/26/2020,52.8801,52.9284,51.9527,52.03,0.1449,+0.28%,3779516
05/22/2020,51.5566,51.972,51.2862,51.8851,0.3091,+0.60%,4007357
05/21/2020,52.1652,52.3391,51.518,51.576,-0.3671,-0.71%,4157455
05/20/2020,51.2765,52.0686,51.2379,51.9431,1.4008,+2.77%,4692327
05/19/2020,50.4844,51.1316,50.3105,50.5423,-0.0097,-0.02%,5721087
05/18/2020,50.0593,50.8225,49.9144,50.552,1.0433,+2.11%,2952723
05/15/2020,48.4364,49.5087,48.1949,49.5087,0.6762,+1.38%,4077126
05/14/2020,47.9051,48.8325,47.3907,48.8325,0.5217,+1.08%,3332940
05/13/2020,49.1223,49.2575,47.6539,48.3108,-0.8404,-1.71%,4491405
05/12/2020,50.2815,50.3684,49.1416,49.1512,-0.9757,-1.95%,14292014
05/11/2020,49.7888,50.4747,49.677,50.1269,0.0289,+0.06%,2349842
05/08/2020,49.7985,50.1656,49.5087,50.098,0.8985,+1.83%,4803918
05/07/2020,49.0063,49.3831,48.8421,49.1995,0.908,+1.88%,3319903
05/06/2020,48.8228,48.9097,48.2722,48.2915,-0.1352,-0.28%,2573437
05/05/2020,48.5716,48.9774,48.3301,48.4267,0.2511,+0.52%,2340939
05/04/2020,47.5959,48.2432,47.3351,48.1756,0.2802,+0.59%,3852804
05/01/2020,48.0596,48.6006,47.4962,47.8954,-0.6762,-1.39%,2891754
04/30/2020,48.8131,49.1223,48.1582,48.5716,-0.2126,-0.44%,3791941
04/29/2020,48.2045,49.2285,48.1079,48.7842,2.2509,+4.84%,3676410
04/28/2020,47.8761,47.8761,46.456,46.5333,-0.8598,-1.81%,2673747
04/27/2020,47.4704,47.6249,47.253,47.3931,0.3864,+0.82%,2093427
04/24/2020,46.3208,47.0357,45.8861,47.0067,0.5893,+1.27%,2787613
04/23/2020,46.3111,46.9777,46.1566,46.4174,0.3284,+0.71%,2574266
04/22/2020,46.06,46.4267,45.6253,46.089,1.2076,+2.69%,2227273
04/21/2020,45.7412,45.8241,44.553,44.8814,-1.4587,-3.15%,4314289
04/20/2020,46.3305,46.9101,46.1759,46.3401,-0.4251,-0.91%,2017033
04/17/2020,46.9487,46.9487,46.1373,46.7652,0.6279,+1.36%,3466168
04/16/2020,46.2918,46.2918,45.4804,46.1373,0.1836,+0.40%,2562876
04/15/2020,45.577,46.3401,45.3838,45.9537,-0.4347,-0.94%,2038357
04/14/2020,45.9924,46.7031,45.7122,46.3884,1.3331,+2.96%,5749452
04/13/2020,44.8718,45.1423,44.012,45.0553,0.0676,+0.15%,2697866
04/09/2020,45.2099,45.461,44.5143,44.9877,0.3285,+0.74%,3370933
04/08/2020,44.2052,44.8621,43.7512,44.6592,0.937,+2.14%,2720641
04/07/2020,44.7365,44.8718,43.587,43.7222,0.3188,+0.73%,3824236
04/06/2020,42.2442,43.6353,42.0027,43.4034,2.6855,+6.60%,3410789
04/03/2020,41.481,41.6452,40.1769,40.7179,-0.8404,-2.02%,3179735
04/02/2020,40.8628,41.8191,40.8048,41.5583,0.5216,+1.27%,4696783
04/01/2020,41.4907,41.9737,40.6502,41.0367,-1.7002,-3.98%,5673875
03/31/2020,42.8045,43.5048,42.4557,42.7369,-0.0772,-0.18%,4945115
03/30/2020,41.6936,42.959,41.2395,42.8141,1.507,+3.65%,3131916
03/27/2020,41.8095,42.4422,41.1429,41.3071,-1.7196,-4.00%,3496918
03/26/2020,41.0367,43.2102,40.9304,43.0267,2.3185,+5.70%,4855988
03/25/2020,41.2105,42.4567,40.0127,40.7082,-0.6376,-1.54%,5477407
03/24/2020,40.8821,41.3458,40.061,41.3458,2.3958,+6.15%,6726441
03/23/2020,38.6506,39.7712,37.7039,38.95,0.2057,+0.53%,15645401
03/20/2020,41.297,41.3452,38.5805,38.7443,-1.7917,-4.42%,10461853
03/19/2020,39.5053,41.9232,38.725,40.536,0.7128,+1.79%,14833470
03/18/2020,38.8213,40.1603,37.2608,39.8232,-1.3679,-3.32%,18784105
03/17/2020,40.2663,41.8654,38.6769,41.1911,1.7147,+4.34%,14550364
03/16/2020,38.0603,42.087,37.675,39.4764,-5.0188,-11.28%,20568169
03/13/2020,43.3585,44.553,41.0659,44.4952,3.6702,+8.99%,7894358
03/12/2020,42.1544,43.7246,39.5438,40.825,-4.229,-9.39%,9832886
03/11/2020,45.9402,46.1714,44.3893,45.054,-2.0229,-4.30%,6077587
03/10/2020,46.2966,47.0962,44.6783,47.0769,2.283,+5.10%,5302557
03/09/2020,44.842,46.4315,43.3489,44.7939,-3.1981,-6.66%,6311470
03/06/2020,47.2792,48.2425,46.8361,47.992,-0.8478,-1.74%,6992987
03/05/2020,49.5526,49.8609,48.4737,48.8398,-1.8495,-3.65%,4161901
03/04/2020,49.7645,50.7182,49.2925,50.6893,1.7628,+3.60%,3527529
03/03/2020,50.6604,51.2577,48.6278,48.9265,-1.6665,-3.29%,9516773
03/02/2020,49.4081,50.593,48.5893,50.593,1.6954,+3.47%,7603374
02/28/2020,47.3948,48.9843,47.2407,48.8976,0.1445,+0.30%,18557271
02/27/2020,49.7838,50.487,48.7531,48.7531,-2.0036,-3.95%,8964407
02/26/2020,51.1517,51.7882,50.4774,50.7567,-0.0964,-0.19%,7257802
02/25/2020,52.4329,52.6545,50.7567,50.8531,-1.3968,-2.67%,13545908
02/24/2020,52.404,52.7701,51.8742,52.2499,-1.811,-3.35%,5499271
02/21/2020,54.6485,54.7352,53.9068,54.0609,-0.8381,-1.53%,3038796
02/20/2020,55.2265,55.2698,54.3884,54.899,-0.5683,-1.02%,3050941
02/19/2020,55.3132,55.6311,55.2072,55.4673,0.2504,+0.45%,4465651
02/18/2020,54.7352,55.3275,54.7256,55.2169,0.3661,+0.67%,3065369
02/14/2020,54.8315,54.9375,54.6244,54.8508,0.0674,+0.12%,2192131
02/13/2020,54.4655,54.9905,54.3403,54.7834,0.0097,+0.02%,2866680
02/12/2020,54.3403,54.8508,54.321,54.7737,0.7032,+1.30%,1796102
02/11/2020,54.4077,54.4848,54.0031,54.0705,-0.0578,-0.11%,1768073
02/10/2020,53.6852,54.138,53.6467,54.1283,0.3179,+0.59%,4588872
02/07/2020,53.6756,54.0031,53.5118,53.8104,-0.0386,-0.07%,2801387
02/06/2020,53.4444,53.9405,53.4444,53.849,0.6647,+1.25%,2074203
02/05/2020,53.56,53.6081,52.9049,53.1843,0.0867,+0.16%,3915253
02/04/2020,52.7604,53.1277,52.3462,53.0976,0.5491,+1.04%,3637357
02/03/2020,52.3558,52.799,52.3558,52.5485,0.6165,+1.19%,6130639
01/31/2020,52.7893,52.7893,51.8164,51.932,-0.8573,-1.62%,3774073
01/30/2020,52.1246,52.8182,51.9933,52.7893,-0.5395,-1.01%,3283683
01/29/2020,53.7141,53.7141,53.1361,53.3288,-0.0867,-0.16%,6211816
01/28/2020,53.1457,53.6322,52.8953,53.4155,0.6069,+1.15%,6775186
01/27/2020,52.6448,53.0109,52.51,52.8086,-0.8381,-1.56%,5926135
01/24/2020,54.4366,54.4366,53.3962,53.6467,-0.655,-1.21%,3296656
01/23/2020,54.427,54.4558,54.1476,54.3017,-0.2216,-0.41%,2061333
01/22/2020,54.7834,54.8171,54.4655,54.5233,-0.0289,-0.05%,4715723
01/21/2020,54.504,54.6445,54.2728,54.5522,-0.0481,-0.09%,3303093
01/17/2020,54.4077,54.6148,54.2343,54.6003,0.4238,+0.78%,6336291
01/16/2020,53.9935,54.1765,53.8201,54.1765,0.4142,+0.77%,2108876
01/15/2020,53.637,53.8682,53.5533,53.7623,0.2601,+0.49%,2218082
01/14/2020,53.6274,53.7382,53.4347,53.5022,-0.1348,-0.25%,3020421
01/13/2020,53.3866,53.6659,53.1554,53.637,0.5009,+0.94%,2962603
01/10/2020,53.5503,53.5503,53.0591,53.1361,-0.2119,-0.40%,2015761
01/09/2020,53.4925,53.5166,53.0737,53.348,0.2793,+0.53%,2384699
01/08/2020,52.7219,53.3336,52.6545,53.0687,0.3757,+0.71%,4319589
01/07/2020,52.6834,52.8953,52.51,52.693,0.0674,+0.13%,2743356
01/06/2020,51.643,52.6641,51.6334,52.6256,0.6936,+1.34%,2632383
01/03/2020,51.7008,52.2113,51.5948,51.932,-0.3371,-0.64%,2440857
01/02/2020,51.9898,52.2691,51.7682,52.2691,0.6068,+1.17%,6607542
12/31/2019,51.4792,51.7297,51.4118,51.6623,0.0964,+0.19%,2128079
12/30/2019,52.1246,52.1246,51.5081,51.5659,-0.5395,-1.04%,2222860
12/27/2019,52.3269,52.3558,51.9994,52.1054,-0.0963,-0.18%,3327072
12/26/2019,51.8742,52.2017,51.8742,52.2017,0.395,+0.76%,861821
12/24/2019,51.8742,51.9127,51.7634,51.8067,-0.0097,-0.02%,925041
12/23/2019,52.0957,52.1584,51.7827,51.8164,-0.1348,-0.26%,3372333
12/20/2019,52.0668,52.1006,51.6815,51.9512,0.1608,+0.31%,3228147
12/19/2019,51.3578,51.7904,51.3578,51.7904,0.471,+0.92%,1948466
12/18/2019,51.1464,51.4935,51.0888,51.3194,0.3461,+0.68%,1938063
12/17/2019,51.0214,51.1464,50.8868,50.9733,-0.0481,-0.09%,3352523
12/16/2019,50.8003,51.0887,50.8003,51.0214,0.4998,+0.99%,6013938
12/13/2019,50.6273,50.7378,50.3053,50.5216,-0.1153,-0.23%,2948759
12/12/2019,50.5985,51.0022,50.3678,50.6369,0.0577,+0.11%,2982365
12/11/2019,50.4639,50.6177,50.387,50.5792,0.2307,+0.46%,1494356
12/10/2019,50.5023,50.5504,50.214,50.3485,-0.1731,-0.34%,6691627
12/09/2019,50.6273,50.9926,50.5023,50.5216,-0.1922,-0.38%,3137791
12/06/2019,50.7523,50.7811,50.5889,50.7138,0.298,+0.59%,5402215
12/05/2019,50.4254,50.4351,50.089,50.4158,0.2114,+0.42%,3837429
12/04/2019,50.2236,50.3726,50.0602,50.2044,0.2596,+0.52%,4701848
12/03/2019,49.5604,49.9881,49.3104,49.9448,-0.0962,-0.19%,4123733
12/02/2019,50.5696,50.6561,49.743,50.041,-0.4806,-0.95%,4684994
11/29/2019,50.5792,50.7042,50.4735,50.5216,-0.173,-0.34%,2492983
11/27/2019,50.4927,50.7523,50.4158,50.6946,0.3557,+0.71%,3554555
11/26/2019,50.2813,50.3582,50.0986,50.3389,0.1634,+0.33%,2233212
11/25/2019,50.1851,50.238,50.0698,50.1755,0.1538,+0.31%,2453869
11/22/2019,50.089,50.1179,49.8007,50.0217,0.0192,+0.04%,1690566
11/21/2019,49.916,50.1755,49.7286,50.0025,0.1346,+0.27%,1431727
11/20/2019,49.9448,50.1179,49.4835,49.8679,-0.3076,-0.61%,2526590
11/19/2019,50.2909,50.2909,49.9256,50.1755,0.0288,+0.06%,2220415
11/18/2019,49.8968,50.2332,49.6276,50.1467,0.173,+0.35%,1906957
11/15/2019,49.8295,49.9929,49.6661,49.9737,0.4133,+0.83%,2911411
11/14/2019,49.3104,49.6565,49.2431,49.5604,0.2211,+0.45%,1588401
11/13/2019,49.2431,49.4594,49.1374,49.3393,-0.0192,-0.04%,1530766
11/12/2019,49.3489,49.5315,49.2239,49.3585,0.0577,+0.12%,7075300
11/11/2019,49.2624,49.3681,49.1759,49.3008,-0.2307,-0.47%,1179130
11/08/2019,49.3873,49.6853,49.32,49.5315,0.1346,+0.27%,1599535
11/07/2019,49.2912,49.743,49.2143,49.3969,0.3075,+0.63%,2055937
11/06/2019,49.2624,49.2815,48.8683,49.0894,-0.173,-0.35%,2380521
11/05/2019,49.2816,49.3777,49.1663,49.2624,0.0193,+0.04%,1963031
11/04/2019,49.1374,49.3245,49.0509,49.2431,0.2691,+0.55%,4838037
11/01/2019,48.9356,48.9836,48.5991,48.974,0.3172,+0.65%,3590448
10/31/2019,48.8683,48.8683,48.2243,48.6568,0.1442,+0.30%,4223708
10/30/2019,48.4934,48.6472,48.1522,48.5126,0.1345,+0.28%,4058814
10/29/2019,48.7241,48.801,48.2915,48.3781,-0.4421,-0.91%,1860868
10/28/2019,48.6184,48.9644,48.5799,48.8202,0.4518,+0.93%,3000259
10/25/2019,48.0608,48.6184,47.9647,48.3684,0.3748,+0.78%,1264127
10/24/2019,48.2915,48.3012,47.8302,47.9936,-0.5479,-1.13%,2631557
10/23/2019,48.157,48.5895,48.157,48.5415,0.3749,+0.78%,2060511
10/22/2019,48.7145,48.7624,48.1426,48.1666,-0.471,-0.97%,2531997
10/21/2019,48.5511,48.7463,48.4965,48.6376,0.2884,+0.60%,1487280
10/18/2019,48.7914,48.9404,48.0801,48.3492,-0.5671,-1.16%,2037313
10/17/2019,49.0125,49.0317,48.7337,48.9163,0.2883,+0.59%,2129801
10/16/2019,48.4261,48.6856,48.3973,48.628,0.0865,+0.18%,2401641
10/15/2019,47.8013,48.6472,47.734,48.5415,0.8171,+1.71%,2201166
10/14/2019,47.7821,47.8446,47.6091,47.7244,-0.1058,-0.22%,1296586
10/11/2019,47.7244,48.2531,47.7148,47.8302,0.5575,+1.18%,4270519
10/10/2019,46.9458,47.4553,46.8882,47.2727,0.2692,+0.57%,3229444
10/09/2019,47.0131,47.1765,46.8545,47.0035,0.2787,+0.60%,4242747
10/08/2019,47.1765,47.3015,46.7248,46.7248,-0.7689,-1.62%,2540943
10/07/2019,47.3688,47.8013,47.2342,47.4937,0,0.00%,1420595
10/04/2019,47.0324,47.561,46.9458,47.4937,0.6344,+1.35%,2164237
10/03/2019,46.446,46.8978,45.8696,46.8593,0.4517,+0.97%,7226052
10/02/2019,46.7536,46.8017,46.2057,46.4076,-0.7113,-1.51%,4583247
10/01/2019,47.7244,47.859,47.042,47.1189,-0.4806,-1.01%,2870212
09/30/2019,47.4553,47.6812,47.365,47.5995,0.2403,+0.51%,2566120
09/27/2019,47.984,47.9936,46.9939,47.3592,-0.5382,-1.12%,1927658
09/26/2019,48.2627,48.2627,47.5562,47.8974,-0.471,-0.97%,1882927
09/25/2019,47.7917,48.4549,47.4649,48.3684,0.5479,+1.15%,2269520
09/24/2019,48.7241,48.7334,47.561,47.8205,-0.7306,-1.50%,5587817
09/23/2019,48.5607,48.6856,48.3108,48.5511,-0.173,-0.36%,2286995
09/20/2019,49.1374,49.1374,48.4549,48.7241,-0.3182,-0.65%,6614529
09/19/2019,49.0902,49.3299,48.8984,49.0423,0.048,+0.10%,2459380
09/18/2019,48.9751,49.0518,48.4669,48.9943,-0.0575,-0.12%,1826732
09/17/2019,48.9943,49.0614,48.7258,49.0518,0.0479,+0.10%,4762250
09/16/2019,48.8984,49.1286,48.8121,49.0039,-0.1822,-0.37%,2635716
09/13/2019,49.2724,49.3875,49.0806,49.1861,-0.0863,-0.18%,3721974
09/12/2019,49.4258,49.5313,49.2062,49.2724,0.1438,+0.29%,4186218
09/11/2019,48.908,49.2053,48.86,49.1286,0.259,+0.53%,6542464
09/10/2019,48.6203,48.9943,48.558,48.8696,0.0671,+0.14%,3794032
09/09/2019,48.908,49.0998,48.534,48.8025,0.1534,+0.32%,6696488
09/06/2019,48.7642,48.8409,48.5628,48.6491,-0.1055,-0.22%,3592667
09/05/2019,48.4093,48.8073,48.323,48.7546,0.8152,+1.70%,3779949
09/04/2019,47.4887,48.0257,47.4264,47.9394,0.911,+1.94%,1945609
09/03/2019,47.1722,47.4839,46.9037,47.0284,-0.4699,-0.99%,3277335
08/30/2019,47.7668,47.8148,47.2681,47.4983,-0.0575,-0.12%,3175768
08/29/2019,47.3161,47.6997,47.201,47.5558,0.7288,+1.56%,2261674
08/28/2019,46.5201,46.8941,46.3283,46.827,0.1151,+0.25%,2247804
08/27/2019,47.0859,47.1531,46.5681,46.7119,0.0863,+0.19%,3273374
08/26/2019,46.3667,46.6352,46.127,46.6256,0.6904,+1.50%,3290371
08/23/2019,46.99,47.3545,45.7769,45.9352,-1.2946,-2.74%,4192678
08/22/2019,47.4503,47.5415,46.7982,47.2298,-0.1055,-0.22%,1719533
08/21/2019,47.4695,47.5558,47.2777,47.3353,0.1822,+0.39%,2911736
08/20/2019,47.3065,47.4791,47.0476,47.1531,-0.3164,-0.67%,2248845
08/19/2019,47.2873,47.6709,47.249,47.4695,0.7288,+1.56%,2266679
08/16/2019,46.5297,46.8174,46.3955,46.7407,0.5946,+1.29%,2617154
08/15/2019,46.2229,46.3859,45.8201,46.1461,0.0767,+0.17%,4169535
08/14/2019,47.0955,47.1339,46.0023,46.0694,-1.6974,-3.55%,4726688
08/13/2019,47.0284,48.2271,46.9709,47.7668,0.7096,+1.51%,4266720
08/12/2019,47.3545,47.4024,46.875,47.0572,-0.5274,-1.11%,3917699
08/09/2019,47.8339,48.0257,47.2873,47.5846,-0.537,-1.12%,1920164
08/08/2019,47.5558,48.1312,47.2969,48.1216,0.9494,+2.01%,2561681
08/07/2019,46.5585,47.2825,46.1885,47.1722,0.0575,+0.12%,3465454
08/06/2019,46.9517,47.3545,46.6832,47.1147,0.6713,+1.45%,6828295
08/05/2019,47.0763,47.2394,46.0023,46.4434,-1.5536,-3.24%,6515464
08/02/2019,48.2271,48.3614,47.7093,47.997,-0.4699,-0.97%,4855257
08/01/2019,48.8313,49.4834,48.2662,48.4669,-0.2301,-0.47%,4270887
07/31/2019,49.119,49.3971,48.2751,48.697,-0.3932,-0.80%,2180129
07/30/2019,49.0135,49.2897,48.9464,49.0902,-0.2302,-0.47%,2189617
07/29/2019,49.5217,49.5217,49.071,49.3204,-0.2781,-0.56%,2692857
07/26/2019,49.071,49.7423,49.0423,49.5985,1.381,+2.86%,5265588
07/25/2019,48.4189,48.5628,47.9298,48.2175,-0.1247,-0.26%,2286284
07/24/2019,47.5654,48.3901,47.5271,48.3422,0.422,+0.88%,1919434
07/23/2019,47.8915,47.9298,47.4695,47.9202,0.1822,+0.38%,2736972
07/22/2019,47.6997,47.7572,47.4264,47.738,0.1822,+0.38%,2493692
07/19/2019,48.3806,48.3806,47.5175,47.5558,-0.6234,-1.29%,2064277
07/18/2019,48.1216,48.2559,47.8004,48.1792,-0.3932,-0.81%,1891382
07/17/2019,49.0518,49.119,48.5724,48.5724,-0.4603,-0.94%,4964330
07/16/2019,49.1765,49.2436,48.9464,49.0327,-0.115,-0.23%,2649478
07/15/2019,49.1669,49.2053,48.8792,49.1477,0.0095,+0.02%,4250247
07/12/2019,48.7737,49.1477,48.6971,49.1382,0.3549,+0.73%,2733943
07/11/2019,48.86,48.9751,48.5819,48.7833,0.0287,+0.06%,5696888
07/10/2019,48.5244,48.8073,48.3327,48.7546,0.5467,+1.13%,2392435
07/09/2019,47.738,48.2847,47.6709,48.2079,0.2972,+0.62%,1788255
07/08/2019,48.1504,48.1552,47.7956,47.9107,-0.4315,-0.89%,1202109
07/05/2019,48.1312,48.4093,47.8149,48.3422,0.0671,+0.14%,3134683
07/03/2019,48.1504,48.3901,48.0545,48.2751,0.2494,+0.52%,1314624
07/02/2019,47.6038,48.0545,47.6038,48.0257,0.4411,+0.93%,2436861
07/01/2019,47.7285,47.8435,47.4024,47.5846,0.3836,+0.81%,2984524
06/28/2019,46.875,47.2394,46.7216,47.201,0.4507,+0.96%,6345074
06/27/2019,46.7407,46.8366,46.5297,46.7503,0.3261,+0.70%,2069489
06/26/2019,46.7503,46.9517,46.3379,46.4242,-0.1822,-0.39%,2482639
06/25/2019,47.4695,47.4695,46.5153,46.6064,-0.8823,-1.86%,2535925
06/24/2019,47.4599,47.5846,47.2969,47.4887,0.1151,+0.24%,5460905
06/21/2019,47.0955,47.4503,47.0476,47.3736,0.1985,+0.42%,10434527
06/20/2019,47.4621,47.4851,46.8403,47.1751,0.2966,+0.63%,3491151
06/19/2019,46.8211,46.9455,46.4959,46.8785,0.0574,+0.12%,3469515
06/18/2019,47.1943,47.4239,46.7542,46.8211,0.2583,+0.55%,4017333
06/17/2019,46.2088,46.6776,46.1706,46.5628,0.5262,+1.14%,4440974
06/14/2019,46.0271,46.1706,45.8644,46.0366,0.0861,+0.19%,2858564
06/13/2019,45.587,45.9697,45.4818,45.9505,0.507,+1.12%,6794472
06/12/2019,45.6444,45.8262,45.2761,45.4435,-0.22,-0.48%,2570697
06/11/2019,45.9697,46.0845,45.6076,45.6635,0.1913,+0.42%,2999568
06/10/2019,45.9218,45.9601,45.4052,45.4722,-0.0383,-0.08%,5396751
06/07/2019,44.9747,45.6635,44.9364,45.5105,0.7271,+1.62%,3496999
06/06/2019,44.6781,44.8599,44.438,44.7834,0.1914,+0.43%,3319620
06/05/2019,44.6973,44.6973,44.1711,44.592,0.0191,+0.04%,5776495
06/04/2019,43.9989,44.5729,43.6927,44.5729,0.9376,+2.15%,7432487
06/03/2019,44.6112,44.6112,43.3483,43.6353,-1.4159,-3.14%,7479006
05/31/2019,45.2234,45.334,44.9843,45.0512,-0.708,-1.55%,2597145
05/30/2019,45.7496,45.8903,45.52,45.7592,0.1052,+0.23%,2634668
05/29/2019,45.9123,45.9697,45.4531,45.654,-0.4496,-0.98%,2512057
05/28/2019,46.094,46.5054,46.0558,46.1036,0.2009,+0.44%,2919709
05/24/2019,46.1801,46.3237,45.874,45.9027,-0.0096,-0.02%,3467945
05/23/2019,46.094,46.228,45.6444,45.9123,-0.6505,-1.40%,2123746
05/22/2019,46.4672,46.869,46.4672,46.5628,-0.0479,-0.10%,2920024
05/21/2019,46.4767,46.6968,46.2854,46.6107,0.5071,+1.10%,3160742
05/20/2019,46.4002,46.4767,45.9792,46.1036,-0.7749,-1.65%,4028515
05/17/2019,46.8211,47.3665,46.7637,46.8785,-0.3445,-0.73%,3828770
05/16/2019,46.8403,47.4621,46.7656,47.223,0.4114,+0.88%,4836596
05/15/2019,45.5487,46.9551,45.5487,46.8116,1.0237,+2.24%,7622617
05/14/2019,45.7975,46.1897,45.4818,45.7879,0.2583,+0.57%,5573400
05/13/2019,46.0366,46.3237,45.3957,45.5296,-1.4542,-3.10%,8582477
05/10/2019,46.7542,47.1539,46.0845,46.9838,0.134,+0.29%,3031654
05/09/2019,46.6202,47.0221,46.3619,46.8498,-0.1435,-0.31%,4433450
05/08/2019,47.089,47.2708,46.9455,46.9933,-0.0766,-0.16%,3609789
05/07/2019,47.5674,47.6726,46.6968,47.0699,-0.7749,-1.62%,4538597
05/06/2019,47.1369,47.9214,47.1274,47.8448,-0.0766,-0.16%,3302691
05/03/2019,47.7109,47.9501,47.5339,47.9214,0.4593,+0.97%,2143082
05/02/2019,47.6917,47.8065,47.0603,47.4621,-0.1914,-0.40%,4892629
05/01/2019,48.1031,48.194,47.6487,47.6535,-0.2487,-0.52%,4455498
04/30/2019,48.1031,48.2371,47.7252,47.9022,-1.1002,-2.25%,3341679
04/29/2019,48.6676,49.1172,48.6676,49.0024,0.4401,+0.91%,1401686
04/26/2019,48.304,48.5815,48.0552,48.5623,0.3826,+0.79%,2170472
04/25/2019,48.4667,48.4762,48.0266,48.1797,0.5358,+1.12%,3203388
04/24/2019,47.8735,47.8831,47.5674,47.6439,-0.22,-0.46%,3461673
04/23/2019,47.4813,47.9788,47.3665,47.8639,0.6314,+1.34%,4107539
04/22/2019,46.9264,47.2325,46.8804,47.2325,0.2104,+0.45%,2222943
04/18/2019,47.1177,47.1177,46.8881,47.0221,0.0288,+0.06%,1834419
04/17/2019,47.089,47.1129,46.888,46.9933,0.0861,+0.18%,2954100
04/16/2019,46.9933,47.0412,46.7255,46.9072,0.0478,+0.10%,2254615
04/15/2019,46.9072,46.9407,46.582,46.8594,-0.0383,-0.08%,2451748
04/12/2019,46.8498,46.9359,46.6824,46.8977,0.4018,+0.86%,5115576
04/11/2019,46.5533,46.6107,46.4145,46.4959,0.0287,+0.06%,2210920
04/10/2019,46.3715,46.4959,46.2088,46.4672,0.2009,+0.43%,2367707
04/09/2019,46.0366,46.3428,46.0271,46.2663,0.1244,+0.27%,5093205
04/08/2019,46.1706,46.1897,45.9123,46.1419,-0.0861,-0.19%,2446312
04/05/2019,46.2567,46.2663,46.0842,46.228,0.134,+0.29%,2487390
04/04/2019,46.0271,46.2556,45.8644,46.094,0.2583,+0.56%,2914171
04/03/2019,45.874,46.2376,45.7401,45.8357,0.1722,+0.38%,2407849
04/02/2019,45.5583,45.7305,45.4022,45.6635,0.2391,+0.53%,3473695
04/01/2019,45.0895,45.4626,45.0895,45.4244,0.6793,+1.52%,4441908
03/29/2019,44.8886,44.9269,44.3911,44.7451,0.0957,+0.21%,2657976
03/28/2019,44.7164,44.7738,44.4294,44.6494,-0.1053,-0.24%,1976576
03/27/2019,45.1373,45.233,44.5155,44.7547,-0.3252,-0.72%,2577176
03/26/2019,45.0895,45.4818,44.879,45.0799,0.22,+0.49%,2601222
03/25/2019,44.8121,45.0799,44.5729,44.8599,-0.0765,-0.17%,2517390
03/22/2019,45.4626,45.6514,44.8025,44.9364,-0.7367,-1.61%,5408672
03/21/2019,44.9364,45.7084,44.8982,45.6731,0.5932,+1.32%,3327253
03/20/2019,44.6781,45.2139,44.5155,45.0799,0.4018,+0.90%,7725062
03/19/2019,44.7738,45.032,44.5011,44.6781,0.0765,+0.17%,3732396
03/18/2019,44.7929,44.8408,44.5011,44.6016,-0.3827,-0.85%,2934132
03/15/2019,45.0799,45.1182,44.7327,44.9843,-0.0354,-0.08%,7179742
03/14/2019,45.077,45.1725,44.886,45.0197,-0.2005,-0.44%,3706409
03/13/2019,45.2489,45.3921,45.077,45.2202,0.1337,+0.30%,3651127
03/12/2019,44.9719,45.2202,44.9528,45.0865,0.2005,+0.45%,8494585
03/11/2019,44.2079,44.8955,44.2079,44.886,0.7927,+1.80%,3763162
03/08/2019,43.6444,44.1219,43.5107,44.0933,-0.0286,-0.06%,2687376
03/07/2019,44.4562,44.4562,43.9023,44.1219,-0.3916,-0.88%,3536681
03/06/2019,44.609,44.7026,44.3798,44.5135,-0.0191,-0.04%,6420386
03/05/2019,44.2652,44.6568,44.0455,44.5326,0.277,+0.63%,2937947
03/04/2019,44.418,44.5326,43.6874,44.2556,0.0573,+0.13%,3043498
03/01/2019,44.141,44.2174,43.9405,44.1983,0.3438,+0.78%,7449167
02/28/2019,43.7877,43.9978,43.7495,43.8545,0.0286,+0.07%,2485917
02/27/2019,43.845,44.0073,43.5107,43.8259,-0.2196,-0.50%,4198652
02/26/2019,43.9118,44.2461,43.7877,44.0455,0,0.00%,4926181
02/25/2019,44.2556,44.3177,44.0073,44.0455,0.0477,+0.11%,2524346
02/22/2019,43.7686,44.0169,43.6635,43.9978,0.4107,+0.94%,4194045
02/21/2019,43.8927,43.9214,43.4248,43.5871,-0.4107,-0.93%,2755126
02/20/2019,44.1983,44.2939,43.759,43.9978,-0.1528,-0.35%,3734264
02/19/2019,43.9787,44.313,43.9118,44.1506,0.0478,+0.11%,4417391
02/15/2019,44.2174,44.2174,43.8736,44.1028,0.191,+0.43%,2390946
02/14/2019,43.5203,44.1124,43.3388,43.9118,0.1623,+0.37%,2202258
02/13/2019,43.9023,44.0933,43.7113,43.7495,0.0287,+0.07%,3791226
02/12/2019,43.6349,43.8736,43.6158,43.7208,0.4966,+1.15%,2557957
02/11/2019,43.8545,43.95,43.1956,43.2242,-0.4489,-1.03%,2158174
02/08/2019,43.0714,43.6731,43.0332,43.6731,0.2961,+0.68%,2722768
02/07/2019,43.4057,43.5394,42.9091,43.377,-0.4202,-0.96%,2451781
02/06/2019,44.4371,44.4371,43.7017,43.7972,-1.0028,-2.24%,3925364
02/05/2019,44.2747,44.8382,44.2461,44.8,0.487,+1.10%,2500994
02/04/2019,43.9405,44.313,43.7972,44.313,0.4107,+0.94%,3877399
02/01/2019,43.9596,44.2747,43.845,43.9023,-0.1528,-0.35%,4602099
01/31/2019,43.4534,44.2365,43.3675,44.0551,1.7286,+4.08%,5024813
01/30/2019,41.9731,42.4029,41.5529,42.3265,0.6017,+1.44%,2699628
01/29/2019,42.1928,42.2024,41.5911,41.7248,-0.4967,-1.18%,1191598
01/28/2019,42.1928,42.2788,41.849,42.2215,-0.3724,-0.87%,4531939
01/25/2019,42.4316,42.7276,42.3552,42.5939,0.5348,+1.27%,3498460
01/24/2019,41.849,42.1069,41.6293,42.0591,0.191,+0.46%,3014281
01/23/2019,42.2979,42.3743,41.4861,41.8681,-0.191,-0.45%,2660047
01/22/2019,42.6512,42.7085,41.7917,42.0591,-0.8882,-2.07%,4547651
01/18/2019,42.9186,43.2386,42.7467,42.9473,0.3438,+0.81%,3534686
01/17/2019,42.3361,42.7181,42.2024,42.6035,0.1719,+0.41%,3466938
01/16/2019,42.6608,42.7658,42.3743,42.4316,-0.1814,-0.43%,21301827
01/15/2019,42.126,42.7085,42.0496,42.613,0.6972,+1.66%,2575443
01/14/2019,41.7917,42.0782,41.5911,41.9158,-0.1529,-0.36%,2455342
01/11/2019,42.0114,42.1355,41.6962,42.0687,-0.2101,-0.50%,1285730
01/10/2019,42.0114,42.3361,41.6962,42.2788,0.086,+0.20%,1403528
01/09/2019,42.2692,42.2979,41.8203,42.1928,0.0573,+0.14%,1927393
01/08/2019,41.8394,42.1928,41.5338,42.1355,0.6972,+1.68%,2245710
01/07/2019,41.0181,41.6102,40.8844,41.4383,0.4679,+1.14%,4239389
01/04/2019,39.9294,41.0754,39.7957,40.9704,1.6904,+4.30%,2772504
01/03/2019,39.6907,39.9963,39.2131,39.28,-0.6685,-1.67%,3595314
01/02/2019,38.7738,40.1443,38.6974,39.9485,0.5253,+1.33%,4843561
12/31/2018,39.6716,39.8053,38.9266,39.4232,0.0573,+0.15%,5553395
12/28/2018,39.6429,39.9581,39.1176,39.3659,-0.1242,-0.31%,2755860
12/27/2018,38.7643,39.4901,37.9621,39.4901,0.1815,+0.46%,3946197
12/26/2018,37.5037,39.3277,37.284,39.3086,2.0915,+5.62%,4297189
12/24/2018,37.752,38.3536,37.2171,37.2171,-0.8023,-2.11%,4071541
12/21/2018,39.4041,39.7384,37.7233,38.0194,-1.2854,-3.27%,8363582
12/20/2018,39.7713,40.1806,38.8098,39.3048,-0.7044,-1.76%,9524955
12/19/2018,40.8279,41.4752,39.7808,40.0092,-0.8758,-2.14%,6002709
12/18/2018,40.9231,41.3324,40.647,40.885,0.1809,+0.44%,3779096
12/17/2018,41.361,41.7322,40.3995,40.7041,-0.8092,-1.95%,3440414
12/14/2018,41.4942,42.0178,41.4276,41.5133,-0.4093,-0.98%,2007308
12/13/2018,42.2463,42.3986,41.6561,41.9226,-0.1904,-0.45%,2084206
12/12/2018,42.0559,42.6746,42.0559,42.113,0.4474,+1.07%,3521929
12/11/2018,42.132,42.2272,41.4371,41.6656,0.0381,+0.09%,4649333
12/10/2018,41.4276,41.8274,40.8469,41.6275,0.3141,+0.76%,3550085
12/07/2018,41.9702,42.3129,41.1325,41.3134,-0.7996,-1.90%,2758525
12/06/2018,41.0278,42.113,40.9041,42.113,0.4665,+1.12%,3740120
12/04/2018,42.8365,43.0839,41.5514,41.6465,-1.2661,-2.95%,3433061
12/03/2018,43.7693,43.7693,42.7413,42.9126,0.0666,+0.16%,6082752
11/30/2018,42.9888,42.9888,42.4938,42.846,-0.0666,-0.16%,5844387
11/29/2018,42.5414,43.1268,42.3938,42.9126,0.1428,+0.33%,2361225
11/28/2018,42.113,42.7698,41.6275,42.7698,0.8758,+2.09%,2844144
11/27/2018,41.618,42.0273,41.4371,41.894,0.1332,+0.32%,2221089
11/26/2018,41.3039,41.7703,41.1991,41.7608,0.9329,+2.28%,2693184
11/23/2018,41.1135,41.2467,40.8279,40.8279,-0.5426,-1.31%,700688
11/21/2018,41.3039,41.7513,41.2372,41.3705,0.4855,+1.19%,3348386
11/20/2018,40.6851,41.3324,40.3424,40.885,-0.5426,-1.31%,5282057
11/19/2018,42.5794,42.608,41.3039,41.4276,-1.2946,-3.03%,2477096
11/16/2018,42.6841,42.884,42.3129,42.7222,-0.2094,-0.49%,2197767
11/15/2018,42.4176,43.0078,42.3034,42.9316,0.3141,+0.74%,3359420
11/14/2018,42.865,42.9792,42.2748,42.6175,0.2094,+0.49%,2245564
11/13/2018,42.7317,43.1125,42.3224,42.4081,-0.1333,-0.31%,2296407
11/12/2018,43.1411,43.1887,42.3605,42.5414,-0.6473,-1.50%,1264494
11/09/2018,43.5409,43.7027,42.846,43.1887,-0.9043,-2.05%,2347251
11/08/2018,44.5404,44.5404,43.836,44.093,-0.4188,-0.94%,1361141
11/07/2018,44.1596,44.5404,43.9502,44.5118,0.7996,+1.83%,2842464
11/06/2018,43.5028,43.9597,43.379,43.7122,0.257,+0.59%,2143245
11/05/2018,43.7217,43.7217,43.1411,43.4552,-0.1809,-0.41%,2562712
11/02/2018,44.2167,44.5023,43.3505,43.6361,-0.4474,-1.01%,2761360
11/01/2018,43.9692,44.1787,43.5409,44.0835,0.2571,+0.59%,2678896
10/31/2018,43.7789,44.3119,43.5885,43.8264,0.8852,+2.06%,3757878
10/30/2018,41.7322,42.9983,41.5656,42.9412,1.1423,+2.73%,6600960
10/29/2018,43.122,43.4076,40.9992,41.7989,-0.6568,-1.55%,3667211
10/26/2018,42.2939,43.4076,41.9226,42.4557,-1.1804,-2.71%,5493309
10/25/2018,42.9983,43.9312,42.9983,43.6361,1.3994,+3.31%,3562897
10/24/2018,44.3405,44.3405,42.1891,42.2367,-2.1133,-4.77%,3731930
10/23/2018,43.8169,44.5404,43.4457,44.35,-0.0952,-0.21%,2919885
10/22/2018,44.7308,44.8545,44.2738,44.4452,-0.0286,-0.06%,2848660
10/19/2018,44.7403,45.1306,44.3024,44.4738,-0.0095,-0.02%,3723308
10/18/2018,45.2067,45.2067,44.1501,44.4833,-0.8281,-1.83%,22373059
10/17/2018,45.4447,45.4447,44.845,45.3114,0.1808,+0.40%,4801873
10/16/2018,44.4452,45.221,44.369,45.1306,1.1614,+2.64%,3894964
10/15/2018,43.9883,44.4357,43.7884,43.9692,-0.1714,-0.39%,1656546
10/12/2018,44.2072,44.2643,43.3981,44.1406,0.9615,+2.23%,6174354
10/11/2018,43.4647,44.0454,42.7698,43.1791,-0.3713,-0.85%,9287753
10/10/2018,45.2448,45.2543,43.5123,43.5504,-1.7896,-3.95%,4255393
10/09/2018,45.3686,45.8064,45.2829,45.34,-0.0286,-0.06%,2091980
10/08/2018,45.3114,45.5304,44.7498,45.3686,-0.1523,-0.33%,2279598
10/05/2018,46.0254,46.1967,45.1972,45.5209,-0.4378,-0.95%,2782371
10/04/2018,46.5775,46.5775,45.5685,45.9587,-0.6664,-1.43%,5559500
10/03/2018,46.6727,46.825,46.5013,46.6251,0.2094,+0.45%,5406224
10/02/2018,46.4252,46.6061,46.2443,46.4157,-0.038,-0.08%,6117625
10/01/2018,46.806,46.8536,46.2348,46.4537,-0.1904,-0.41%,8022626
09/28/2018,46.7108,46.7584,46.4537,46.6441,-0.1714,-0.37%,2423101
09/27/2018,46.7012,47.1486,46.5394,46.8155,0.3998,+0.86%,3833614
09/26/2018,46.311,46.8821,46.2634,46.4157,0.1809,+0.39%,5975911
09/25/2018,46.2063,46.311,45.9302,46.2348,0.019,+0.04%,4196462
09/24/2018,45.8921,46.2824,45.7017,46.2158,0,0.00%,7111193
09/21/2018,46.6632,46.6822,46.092,46.2158,-0.2075,-0.45%,8377368
09/20/2018,46.2999,46.4708,46.0625,46.4233,0.5032,+1.10%,4797168
09/19/2018,45.8442,45.9676,45.5594,45.9201,0.1234,+0.27%,2512558
09/18/2018,45.5214,45.9581,45.4739,45.7967,0.3228,+0.71%,453256
09/17/2018,45.9676,45.9676,45.436,45.4739,-0.4462,-0.97%,853952
09/14/2018,46.1765,46.1765,45.8062,45.9201,-0.0855,-0.19%,1254330
09/13/2018,45.8632,46.0625,45.7682,46.0056,0.3228,+0.71%,794647
09/12/2018,45.6923,45.8062,45.4265,45.6828,-0.1329,-0.29%,751249
09/11/2018,45.3031,45.9106,45.2461,45.8157,0.4557,+1.00%,648547
09/10/2018,45.5499,45.5499,45.1512,45.36,0.0949,+0.21%,327381
09/07/2018,44.8853,45.5214,44.8379,45.2651,0.095,+0.21%,796016
09/06/2018,45.4834,45.5499,44.7809,45.1701,-0.3418,-0.75%,631484
09/05/2018,46.0625,46.0625,45.341,45.5119,-0.5981,-1.30%,814766
09/04/2018,46.5657,46.5657,45.9486,46.11,-0.5791,-1.24%,361931
08/31/2018,47.1068,47.1068,46.5562,46.6891,-0.4652,-0.99%,247432
08/30/2018,47.2872,47.5008,46.9739,47.1543,-0.2943,-0.62%,362773
08/29/2018,47.3062,47.4866,47.1543,47.4486,0.2658,+0.56%,285247
08/28/2018,47.5245,47.5245,47.1163,47.1828,-0.2088,-0.44%,158213
08/27/2018,47.2302,47.4866,47.1448,47.3916,0.4557,+0.97%,315162
08/24/2018,46.4802,46.9359,46.4043,46.9359,0.674,+1.46%,348448
08/23/2018,46.4043,46.6796,46.2524,46.2619,-0.1899,-0.41%,298835
08/22/2018,46.3758,46.5467,46.2809,46.4518,-0.0569,-0.12%,528570
08/21/2018,46.4708,46.7366,46.3378,46.5087,0.2848,+0.62%,405329
08/20/2018,46.3758,46.3758,45.9201,46.2239,0.0759,+0.16%,153473
08/17/2018,46.1954,46.3378,45.9486,46.148,-0.2183,-0.47%,239005
08/16/2018,46.6986,46.7413,46.2904,46.3663,-0.019,-0.04%,186969
08/15/2018,46.7461,46.803,46.0341,46.3853,-0.6551,-1.39%,584715
08/14/2018,46.9359,47.1163,46.6227,47.0404,0.3323,+0.71%,199925
08/13/2018,46.8315,47.0973,46.6796,46.7081,-0.0664,-0.14%,274924
08/10/2018,47.0214,47.0214,46.6606,46.7745,-0.3988,-0.85%,186969
08/09/2018,46.9549,47.3584,46.9549,47.1733,0.2564,+0.55%,322641
08/08/2018,47.0404,47.0878,46.86,46.9169,-0.038,-0.08%,120292
08/07/2018,47.1638,47.2777,46.9169,46.9549,0.0569,+0.12%,135671
08/06/2018,46.4328,46.9075,46.3473,46.898,0.4652,+1.00%,116079
08/03/2018,46.3853,46.4518,46.1859,46.4328,0.3133,+0.68%,123347
08/02/2018,45.6543,46.1954,45.4739,46.1195,0.3038,+0.66%,200873
08/01/2018,46.1005,46.3094,45.6828,45.8157,-0.1899,-0.41%,1317004
07/31/2018,45.9201,46.2999,45.7018,46.0056,0.3038,+0.66%,1276028
07/30/2018,46.5372,46.5372,45.4455,45.7018,-0.731,-1.57%,264601
07/27/2018,47.2492,47.3062,46.1765,46.4328,-0.9019,-1.91%,1170482
07/26/2018,47.2302,47.4866,47.0594,47.3347,-1.8512,-3.76%,878072
07/25/2018,48.9201,49.2476,48.7777,49.1859,0.3513,+0.72%,644650
07/24/2018,49.4707,49.4707,48.5688,48.8346,0.3417,+0.70%,222467
07/23/2018,48.3505,48.5119,48.0847,48.4929,0.1994,+0.41%,99752
07/20/2018,48.4644,48.5973,48.265,48.2935,-0.1614,-0.33%,166745
07/19/2018,48.8251,48.8631,48.4264,48.4549,-0.3418,-0.70%,272185
07/18/2018,48.977,48.9865,48.6353,48.7967,-0.1424,-0.29%,155685
07/17/2018,48.2365,49.0625,48.1511,48.9391,0.0095,+0.02%,181702
07/16/2018,49.1574,49.1574,48.8441,48.9296,-0.1424,-0.29%,211512
07/13/2018,49.1574,49.1764,48.8441,49.072,-0.0759,-0.15%,84268
07/12/2018,48.7017,49.1479,48.5498,49.1479,0.7595,+1.57%,380575
07/11/2018,48.1321,48.6353,48.0847,48.3884,-0.0665,-0.14%,239637
07/10/2018,48.6163,48.6163,48.2935,48.4549,-0.019,-0.04%,1214723
07/09/2018,48.6068,48.6068,48.0847,48.4739,0.2753,+0.57%,124400
07/06/2018,47.6005,48.246,47.4011,48.1986,0.75,+1.58%,210354
07/05/2018,47.0783,47.4676,46.8315,47.4486,0.712,+1.52%,342128
07/03/2018,47.4676,47.4676,46.6986,46.7366,-0.5791,-1.22%,102596
07/02/2018,46.6227,47.3157,46.4613,47.3157,0.2943,+0.63%,338336
06/29/2018,47.2777,47.3157,46.9169,47.0214,-0.0569,-0.12%,160425
06/28/2018,46.6132,47.2682,46.4897,47.0783,0.4651,+1.00%,354347
06/27/2018,47.2967,47.4676,46.6132,46.6132,-0.4082,-0.87%,152630
06/26/2018,47.2018,47.2587,46.8505,47.0214,0.076,+0.16%,109548
06/25/2018,47.6859,47.6859,46.5325,46.9454,-0.9874,-2.06%,2643490
06/22/2018,48.0277,48.0467,47.6479,47.9328,0.2089,+0.44%,191288
06/21/2018,48.1986,48.2745,47.6574,47.7239,-0.2943,-0.61%,451571
06/20/2018,47.8948,48.3125,47.8948,48.0182,0.5886,+1.24%,200031
"Downloaded from Barchart.com as of 04-25-2024 01:10am CDT"
